ID, 이름, 성별, 나이, 생년월일, 주소
b9f5bfc4-900a-468b-b5a4-6b82c401e0b2, 맹승민, 남, 40, 1984.01.16, 서울 새싹구 36길 77
725a2f3a-1f01-40c7-b88c-b7a4d73ea774, 고영진, 여, 24, 2000.08.05, 세종 자바구 79길 37
d9cad8b1-4d05-42b1-ad2a-26f5da738db8, 고유순, 남, 41, 1983.06.29, 서울 지구 17길 11
aa025aac-71fc-43b4-9062-196b8858d1e8, 강상순, 남, 48, 1976.08.23, 서울 웹구 4길 7
c26aa002-bd21-4e60-a03f-e596296ff135, 유지미, 여, 26, 1998.04.23, 전주 새싹구 53길 16
49d23380-22d0-4a50-b939-4e355148ba6c, 고영미, 남, 20, 2004.07.07, 서울 새싹구 79길 59
b5383cdd-e99b-4762-accc-d0272b77912a, 정하림, 남, 44, 1980.04.29, 전주 지구 47길 100
25dfb38a-ec14-427e-a6ce-ae13741398eb, 맹영은, 남, 34, 1990.08.11, 세종 자바구 59길 89
0640008f-4c9d-4e6d-b5a3-59a21d503371, 강승미, 여, 26, 1998.05.19, 인천 지구 17길 27
3cbfccac-2563-4341-9755-3ca4e08d086a, 맹승진, 여, 21, 2003.03.08, 인천 코드구 96길 14
aef00493-f945-4069-a03d-4533b6b08c12, 유지현, 남, 50, 1974.04.03, 인천 지구 34길 36
22757be9-99dc-461e-b7e3-904f7bc5c8ab, 정승미, 여, 22, 2002.07.22, 세종 지구 75길 48
e3807b78-0134-4901-aab1-ae21e88f1729, 정승연, 남, 21, 2003.02.19, 세종 새싹구 93길 41
c3f77945-9d9e-4d91-ad1a-175dd774710e, 고유미, 남, 34, 1990.11.30, 부산 지구 26길 74
ccf8b5cf-eec1-4e69-8026-d66347e2afc0, 정예은, 여, 48, 1976.10.23, 서울 웹구 22길 17
52a9e580-5391-4793-8afa-dd6156128786, 이유현, 여, 31, 1993.07.27, 세종 지구 19길 27
8489177c-5d50-4e60-a93f-15a250b85c46, 유다현, 남, 24, 2000.06.22, 부산 코드구 62길 34
43acbf05-2cb4-4b15-85be-d3d3eab11b6b, 유재민, 남, 24, 2000.09.19, 전주 자바구 7길 98
e03ae4ad-fd48-43cb-85ee-f8e0eb8874ba, 정다은, 남, 37, 1987.01.03, 서울 코드구 71길 8
6c6dfca1-4556-408e-898a-a0a4b52eb7c1, 맹정우, 여, 28, 1996.02.27, 부산 새싹구 47길 50
ec0e8320-fe8c-412d-ba47-e7959c0164fb, 정유진, 여, 23, 2001.10.26, 인천 코드구 66길 12
87c76f67-38ef-42a5-b1cb-bbb06f08dc80, 정승은, 남, 39, 1985.03.15, 세종 지구 75길 68
570f500d-f924-4284-bc9a-6ffe50561cae, 유하준, 여, 46, 1978.12.23, 세종 자바구 67길 38
f7ae3227-f5f5-4209-b105-7bbf17b4db76, 이승미, 여, 33, 1991.01.04, 부산 웹구 19길 53
8a4e5b46-008d-4307-94b8-c00ce8f0b6fe, 조다진, 여, 22, 2002.01.07, 전주 웹구 94길 94
2ea9af44-43bb-4ad9-ab29-08255a970773, 맹지순, 여, 25, 1999.05.11, 세종 지구 78길 82
cee17fb1-f783-4ac6-9e2f-014e84dbf501, 고정민, 여, 45, 1979.05.17, 세종 지구 12길 100
f6a88596-3111-4566-b662-8944b156c18c, 고예순, 남, 48, 1976.11.26, 부산 웹구 62길 80
c98bd437-ef4e-47ea-b247-c85e22fb381d, 강재미, 남, 20, 2004.10.09, 부산 자바구 30길 97
58c51556-cb77-4876-8b29-dd6a86e44481, 정정미, 여, 50, 1974.01.09, 세종 새싹구 92길 18
6c54215d-8075-4a46-80df-58a9ab9a2095, 최정우, 여, 37, 1987.07.26, 전주 지구 6길 69
9b0da135-da7d-42d9-af1f-88837ca275f5, 박다준, 여, 37, 1987.11.11, 서울 코드구 73길 11
7a461a54-1407-4fe5-b6a1-158160e6bfb5, 조영은, 여, 42, 1982.01.18, 서울 웹구 84길 66
bd021883-b7b2-4527-af4a-3e184feae030, 이승민, 남, 31, 1993.11.26, 전주 웹구 95길 94
04f569cf-6172-4e19-a5ee-b45ad0a74e1a, 조지연, 여, 34, 1990.07.12, 부산 지구 2길 67
2fd6219e-5592-48f1-a4ba-774cd4a33e14, 고유미, 남, 43, 1981.02.10, 서울 코드구 56길 76
00adac97-c6a4-4735-bd81-3b0b54698248, 정영민, 남, 50, 1974.11.30, 전주 지구 38길 64
97bb147e-423b-4795-b3ce-6b4c3080ff6a, 조정우, 여, 25, 1999.11.25, 부산 코드구 31길 53
f5645dbf-454b-44ba-a7c9-643722f9b0f0, 조예림, 남, 25, 1999.02.02, 세종 웹구 3길 17
b928eb4a-ea24-47c6-9268-cb65e22864b3, 고예연, 여, 20, 2004.02.21, 전주 코드구 75길 82
4bd87855-785a-439f-aa2d-11d0e9f2449e, 최지현, 여, 24, 2000.05.21, 부산 자바구 75길 8
c1b0b4f4-8c72-4beb-9d31-4e0484018ad0, 최재현, 여, 27, 1997.08.04, 세종 웹구 9길 67
ce495c2f-d80e-4735-8deb-4ee95f0257f9, 조다진, 여, 39, 1985.11.15, 전주 자바구 23길 53
a5c38e1d-f695-4d24-81b3-a1a0577baec2, 유다림, 남, 49, 1975.10.28, 인천 새싹구 46길 75
26226b77-4dd7-4736-9ecf-66ffa65265cb, 고정우, 남, 36, 1988.09.05, 서울 지구 22길 29
8117ffc3-a0e7-480e-84ab-3af60b036892, 조영연, 남, 44, 1980.01.07, 서울 웹구 89길 1
535da660-f637-4a5f-ad05-b33d98597c6e, 이예진, 남, 38, 1986.12.03, 서울 자바구 55길 32
cb8ee0c8-3b33-4b22-838d-982671c02baa, 박승순, 남, 39, 1985.07.01, 인천 새싹구 68길 56
1d9e8c1f-b6bf-47ea-9b74-2cfa59fb9db9, 맹예진, 여, 42, 1982.11.28, 인천 자바구 70길 59
09299c46-db1a-4bd7-81fb-c54b7ebc65c6, 최영진, 남, 42, 1982.09.03, 전주 웹구 6길 61
5eceb08f-2896-48b4-808a-3e854c7469c5, 고유림, 여, 34, 1990.09.16, 세종 새싹구 49길 71
b4cdb110-06bc-4970-b037-e7336caeb5af, 강유준, 여, 31, 1993.12.06, 서울 웹구 40길 99
b817510a-87bb-46e4-b8a4-fdcc5492a756, 박승미, 여, 46, 1978.04.15, 전주 코드구 37길 51
3a4715d5-f2c6-4914-b12d-23d47266b699, 강정순, 여, 45, 1979.03.04, 전주 새싹구 63길 18
1c404609-e286-4454-a4d0-7f5e7627a50b, 조다민, 남, 26, 1998.11.10, 부산 코드구 29길 97
2b8ef54f-3cab-4955-9bf4-3be96ae8927e, 강예현, 여, 36, 1988.07.11, 인천 웹구 65길 52
befcf715-f43e-445e-b4d1-c8d2475f5ad9, 박다준, 여, 42, 1982.10.22, 세종 자바구 23길 71
2bf92486-4e52-48f9-bf0a-c72b1d5b4074, 맹예준, 여, 36, 1988.09.24, 인천 새싹구 60길 14
a4de488c-235b-4de5-8d5d-e2e4cc2c3542, 맹유미, 남, 41, 1983.01.06, 세종 지구 49길 24
513b308a-3c5f-433a-83dc-3473a7820507, 조승연, 남, 22, 2002.04.27, 전주 자바구 74길 30
20977b2a-5bb1-485c-b9d6-81c78a5869fa, 진영진, 여, 22, 2002.10.06, 서울 지구 33길 49
17ec2a91-637f-45dc-8619-f3e8de13879c, 진정연, 여, 42, 1982.08.25, 서울 자바구 86길 41
12c0123a-2224-4710-8c2b-0dbdcf0fcad1, 이유순, 남, 31, 1993.09.28, 부산 코드구 38길 36
b4dac411-7ac6-4283-9ca5-7ef3139114a6, 박예연, 남, 31, 1993.01.24, 인천 새싹구 22길 28
91f11101-f8ac-4ad3-8fcc-207448b09877, 이영연, 여, 48, 1976.06.06, 인천 자바구 37길 38
2bb775a2-f754-406b-a09a-85a78300ca9b, 조승연, 남, 29, 1995.06.29, 전주 코드구 45길 25
8776a1af-6bf5-418d-8a2b-d988769524b0, 고승우, 여, 24, 2000.05.03, 부산 웹구 98길 41
8f7f344b-6c00-414b-97a0-e6564ced1598, 유예림, 남, 26, 1998.05.18, 전주 자바구 69길 88
cafb3929-0c57-4d75-9d12-3262b4d0220e, 최지은, 여, 22, 2002.12.07, 서울 새싹구 93길 8
4657f8ad-a90d-4846-af33-232166d6dae1, 강지순, 남, 38, 1986.07.24, 인천 코드구 22길 62
59e9c413-a5ed-4cf3-9b23-33dcae4108d9, 강영민, 여, 34, 1990.09.15, 세종 새싹구 67길 53
f4e4a12b-f884-4fe0-b4b3-35e180a8e15b, 진지미, 남, 46, 1978.05.27, 세종 웹구 98길 39
116a8bd0-2044-4175-9db3-b052c72fed5f, 이예진, 남, 45, 1979.01.02, 세종 새싹구 100길 58
d0531bdd-49df-492b-bb58-3efce9f510cc, 이정진, 남, 29, 1995.04.01, 부산 자바구 99길 10
8447d16e-ab13-41d7-994f-92e088e01e15, 유예림, 남, 32, 1992.03.12, 전주 코드구 41길 51
026fe637-d4dd-4f70-a451-3eeaeb409638, 강승준, 여, 40, 1984.08.16, 부산 웹구 91길 25
9606b30e-4eb0-43f7-a421-02b6d14b8332, 강예연, 남, 40, 1984.04.02, 세종 웹구 82길 41
63e39159-9ef5-4665-85a7-7fed0b77f1a8, 맹다현, 여, 22, 2002.01.28, 세종 새싹구 82길 69
aed49ca7-c55c-49d8-aa7e-15d331594fa3, 강정우, 남, 25, 1999.08.22, 인천 자바구 66길 93
f0ec2957-b186-4b2f-98db-7cb879838a37, 유유현, 남, 24, 2000.10.19, 인천 지구 22길 14
7609ecba-04de-465f-8417-d8cfc8cdb9b1, 진재연, 여, 24, 2000.10.12, 인천 코드구 45길 17
297d9760-661c-4e60-9f2b-95473fe93860, 고지준, 남, 26, 1998.12.15, 서울 웹구 34길 52
8f033802-af5d-4e93-9c6c-379ee4d20fe8, 유재림, 남, 32, 1992.11.07, 세종 자바구 78길 78
4ef39835-76fd-4037-b349-38d887714363, 박예현, 여, 50, 1974.03.25, 서울 코드구 69길 80
28a387c0-95fc-4dc8-9042-05d794112b3a, 맹영림, 남, 25, 1999.10.01, 인천 웹구 7길 55
f9f46e9e-f801-46c4-8974-5ef3a79be2e7, 정하은, 남, 24, 2000.02.09, 전주 새싹구 49길 81
64473e51-80cc-4b91-9dfd-2f321dcbfc5b, 정유은, 여, 41, 1983.11.21, 전주 새싹구 70길 25
f1b28be7-c140-45a2-ae75-46131d5e6cc4, 박다현, 여, 30, 1994.11.18, 세종 새싹구 64길 25
ccec2623-91f7-49ff-8095-07efa3fe4653, 강재미, 남, 37, 1987.02.15, 부산 코드구 7길 50
38992b54-ac48-4eee-aa16-666de807de8d, 박승우, 남, 30, 1994.12.12, 세종 새싹구 30길 27
1e6192d3-d951-4c5b-b989-514a5f096bd4, 맹승림, 여, 26, 1998.05.19, 세종 지구 40길 86
64269cd8-e834-4079-98c5-490136824132, 고승민, 남, 27, 1997.01.28, 부산 자바구 1길 30
1d007297-a8d9-420e-b228-672ae68588bf, 최다준, 여, 46, 1978.03.26, 서울 새싹구 55길 60
3e77f313-1cab-4855-bfd7-8f88b9a2af8d, 이승미, 남, 22, 2002.04.07, 서울 코드구 69길 18
1172bea2-d345-416e-a409-195869e64290, 이상순, 여, 45, 1979.11.20, 세종 새싹구 12길 63
69c19961-e815-4e07-9759-a61051a50e27, 유예은, 남, 32, 1992.05.24, 서울 새싹구 6길 87
953a8776-73c7-442b-959d-520727444905, 이예우, 여, 43, 1981.12.25, 인천 지구 98길 81
45998c92-6e12-4e3b-a214-55a23edab07b, 정상은, 여, 41, 1983.11.08, 세종 자바구 80길 50
45cb856c-e792-4875-a771-228ef5ab89f9, 진다연, 여, 43, 1981.10.25, 서울 지구 91길 99
b0047e41-b277-474e-a6ca-79f729f7b442, 강하준, 여, 20, 2004.08.03, 부산 자바구 67길 5
f4c7b8f4-c33e-4148-a437-15d5a96c739f, 조정은, 남, 42, 1982.11.20, 세종 새싹구 22길 15
1301cf4b-1678-494d-9b89-cfb3a66cf2a7, 유정현, 남, 33, 1991.10.31, 부산 코드구 71길 46
f28cd19b-9a2c-49ef-a767-25027895950e, 정재연, 여, 22, 2002.08.25, 서울 새싹구 1길 48
9481a04e-6e99-4b29-b363-020779f5c510, 강예은, 남, 39, 1985.01.23, 전주 자바구 73길 35
1a674b0a-8e4f-4f5f-a3f7-cfb5d70c3c6b, 조정민, 남, 36, 1988.06.29, 세종 지구 56길 56
fd00f52a-2dca-4580-98c2-74982f591678, 조승우, 여, 20, 2004.07.03, 부산 웹구 94길 29
c8132286-646b-4b2b-86d0-39fd7844d07d, 박유순, 남, 30, 1994.02.21, 부산 지구 48길 95
46cdf7e1-08ea-47dc-b3a6-3af3382d76bd, 조승우, 남, 23, 2001.12.12, 서울 새싹구 81길 60
ba088a05-65f8-4bf2-a855-8e1b91fefe9a, 유예진, 여, 38, 1986.05.19, 부산 지구 74길 86
451f7d3c-3c54-44a8-872e-84c01a42bd1e, 고유림, 남, 35, 1989.07.09, 인천 새싹구 59길 38
e0171e1e-fd60-4d3e-9736-0865e5fd5c53, 조정우, 여, 25, 1999.06.13, 세종 새싹구 83길 19
5bf5d806-8848-497a-86b9-401e7f843722, 정하순, 남, 31, 1993.01.14, 부산 지구 8길 63
af162f00-e592-464b-9398-2733bf8d2ae2, 이지현, 남, 48, 1976.06.02, 서울 새싹구 4길 56
86e19d58-a577-4b88-b755-86bf2020ce61, 조다연, 여, 31, 1993.10.28, 인천 새싹구 3길 75
1cbf9893-c1d3-4c98-80c1-3767bb1f914e, 이다미, 남, 36, 1988.08.04, 전주 자바구 97길 53
49a2ea6d-4892-4678-9006-b7f4691bcc02, 고다림, 남, 35, 1989.07.17, 부산 지구 66길 71
526f830c-48d1-48a9-89db-524ed58645da, 최정미, 남, 37, 1987.06.30, 부산 지구 31길 79
186d1fe1-f19b-41ad-87cf-b533262444c1, 고정연, 여, 30, 1994.10.04, 서울 지구 81길 80
fa21ba45-364d-4ce9-9441-213b1ea78786, 정다림, 여, 29, 1995.02.23, 부산 지구 86길 26
29030bdc-5c0a-4700-a352-e13e3ba9844d, 최영림, 여, 23, 2001.07.10, 서울 코드구 59길 86
71ca66bc-a1f9-44ae-9629-880ac108ea09, 이다은, 여, 32, 1992.02.28, 전주 코드구 5길 96
3c8c02c9-a677-4054-aba1-1d77e3d89aae, 박예연, 남, 23, 2001.05.18, 세종 새싹구 89길 17
2d468276-9b9a-4555-95b9-48d38228d517, 진지현, 남, 50, 1974.09.22, 전주 새싹구 27길 57
4f0435cc-e807-4817-9512-615ae4ffcabc, 조영연, 여, 31, 1993.07.30, 인천 새싹구 53길 77
9b3a35cf-14e6-49b7-8b54-b366a1f567b2, 이재민, 여, 32, 1992.05.29, 부산 자바구 50길 80
6eb64669-833d-40fb-9ccf-a5b798411d42, 조정순, 남, 40, 1984.03.11, 세종 코드구 21길 7
5f2b4b7d-74f8-491b-85bf-2ee863e6a324, 이정우, 여, 21, 2003.04.09, 서울 자바구 11길 53
accbee0d-b3d7-4efe-b6c2-075211498356, 정재미, 남, 47, 1977.12.27, 인천 지구 18길 88
39d8e54e-bc90-4edd-ac4a-dd209e19f5c1, 유다연, 남, 43, 1981.02.18, 부산 새싹구 29길 42
265f2020-61ec-41f6-ade8-d35846953dac, 박하순, 여, 46, 1978.11.18, 인천 코드구 76길 95
713fa270-10cd-43f4-8e1e-b1a1910797b4, 유유미, 여, 48, 1976.09.08, 세종 지구 43길 12
8177bc39-9014-4abe-b6fd-db2127369e07, 고승진, 남, 31, 1993.04.21, 서울 코드구 23길 36
2aef88f1-2d64-4ee1-afa6-47364da08d58, 정다준, 남, 39, 1985.02.23, 부산 지구 13길 43
26fb380e-34ae-4a4a-8874-4180dac9b7ea, 정정은, 여, 29, 1995.09.09, 서울 자바구 26길 68
e92a39a0-a52b-48d5-ae90-9d89ab87de6a, 고정진, 남, 29, 1995.08.13, 부산 코드구 23길 71
b7c68890-c355-449e-a391-966c71aab555, 박재연, 여, 48, 1976.12.01, 부산 자바구 43길 73
43e506d5-25e0-4ec2-9b40-3c98f336f504, 진승현, 여, 41, 1983.09.19, 인천 자바구 13길 26
8c36257d-27ac-4772-9b11-33ff1d17cadf, 맹예진, 남, 23, 2001.08.15, 부산 지구 33길 46
780d1fe0-618b-4251-9388-f3e33c08d7ec, 최재진, 여, 26, 1998.10.22, 서울 새싹구 77길 10
a5463f51-d769-420d-bbd2-2674a3e917ef, 이영우, 남, 32, 1992.03.26, 인천 코드구 99길 69
13c2d810-44bd-4e47-acde-6619b60b5f5b, 강예현, 남, 22, 2002.05.03, 서울 코드구 99길 78
21be8163-0a64-4ad6-9882-3e7263d597fc, 최예순, 여, 43, 1981.04.19, 세종 자바구 29길 45
da5167a3-94f4-4e8b-940a-4422214b8fea, 강유준, 남, 44, 1980.12.30, 부산 웹구 78길 5
e2fce75f-80b0-4638-b707-199453229c56, 강재진, 여, 28, 1996.01.31, 전주 자바구 30길 72
5d6452b7-6554-41cd-8d6f-17273061b152, 진승순, 남, 34, 1990.12.29, 서울 웹구 33길 80
6437cbd5-4d36-4e0a-a3e1-98bd08727505, 박하은, 여, 40, 1984.03.17, 전주 지구 66길 94
06b81b87-33df-4500-b0b6-369be2aa122e, 조정순, 여, 32, 1992.04.16, 전주 코드구 91길 45
52034575-cd2c-419e-8b88-df7786c09de3, 최예민, 여, 46, 1978.01.16, 인천 코드구 100길 15
e42e0feb-a64e-4fe0-9f09-e30f5dfc8191, 진다준, 남, 49, 1975.11.11, 서울 코드구 70길 15
6f77d2b0-bb6e-4479-9149-d289bb6ea44a, 유재우, 여, 23, 2001.11.19, 서울 자바구 78길 60
f25b90a2-e4e2-4746-a311-beb48a335db6, 조하연, 여, 31, 1993.07.03, 세종 자바구 74길 74
1f61539a-3740-4713-970d-81cb36e28ef5, 이다준, 남, 38, 1986.02.15, 세종 자바구 69길 59
1c922d95-ac64-4ca1-8544-a12083652272, 고재순, 남, 30, 1994.07.19, 세종 새싹구 83길 72
12faaf05-8a5c-4df1-9c2c-29dd17fb14fc, 최영진, 여, 27, 1997.05.09, 서울 코드구 15길 44
68ae6441-11fa-4a67-a2a6-c2d301895043, 맹승미, 여, 35, 1989.10.28, 서울 지구 59길 61
cdb22021-5d0b-43b7-81b5-95bdae5c8a92, 고예준, 남, 31, 1993.05.23, 부산 자바구 30길 77
6a721cb0-5dc8-49b4-ba8a-3f7bcb8cd7a1, 박유연, 남, 48, 1976.05.21, 전주 코드구 14길 6
317018fa-3508-4e76-bcc0-8ea3b3feb577, 박재림, 여, 35, 1989.12.25, 부산 새싹구 36길 82
34411de4-2f98-483f-8ad2-6df018254913, 이상진, 여, 29, 1995.08.19, 부산 지구 85길 32
e366c309-da7f-417f-a343-253de3265e17, 맹하은, 남, 35, 1989.12.09, 전주 웹구 19길 2
4c17dd56-54e9-4fed-804e-fcb02c0a1ddd, 이정준, 남, 23, 2001.03.31, 인천 새싹구 1길 12
bcdaaa9c-d7c8-4d7f-88d2-1a2b94eee161, 진승준, 여, 32, 1992.01.14, 세종 웹구 28길 56
2481a044-651b-4a03-afa3-4ae385780c80, 강예림, 남, 37, 1987.04.04, 세종 자바구 23길 96
89504d43-cca4-46da-8489-f56169130273, 조정우, 여, 33, 1991.03.13, 전주 지구 95길 62
b1ef9aa2-5bed-4552-a10a-226fb2e1c411, 박재준, 남, 42, 1982.10.22, 인천 지구 91길 82
c509cb0a-5b26-4293-b262-900ed737f6a8, 박다순, 남, 26, 1998.09.01, 전주 자바구 35길 91
87236bd1-286d-4b5f-a70d-e4bdc7f630b6, 유승현, 남, 34, 1990.12.11, 부산 코드구 46길 89
3d4513e7-4b6b-4863-b8a4-e20af563db7b, 이예준, 여, 25, 1999.07.22, 서울 코드구 80길 52
508ec3e3-4c8c-4d7d-bb25-6eb0e2227744, 고정순, 남, 44, 1980.07.20, 전주 자바구 6길 35
56099d69-b9f4-42e8-b0bd-75b97a229bd9, 진다민, 여, 44, 1980.02.28, 부산 코드구 90길 85
cdc3093c-102f-4182-b1db-117b461ada70, 진다연, 남, 32, 1992.09.24, 세종 새싹구 63길 65
d2394a88-863f-4de4-a7be-64a114c7d0bd, 맹하연, 남, 43, 1981.11.16, 부산 웹구 50길 25
c147701a-484e-4ab4-b9d5-75992f1c9fc4, 정승현, 남, 32, 1992.08.14, 전주 코드구 74길 41
e8fc1107-9db1-405e-ac4a-bd3c4b90b9fa, 유하순, 남, 34, 1990.05.05, 인천 자바구 55길 49
89cab075-67d1-4524-a3d3-6689ec016fd8, 맹상현, 여, 40, 1984.05.26, 세종 웹구 83길 20
8ff2f536-dced-4977-8658-ae44bbb93972, 이하은, 남, 22, 2002.04.01, 부산 새싹구 53길 55
18eeb8cc-9724-4035-a53c-5ab3ad041eb0, 유영미, 여, 43, 1981.10.23, 인천 자바구 23길 5
2c6b99d0-2786-4b65-8762-36f5e2648273, 고재림, 남, 30, 1994.01.10, 세종 자바구 30길 37
75eb9ad2-318f-4df2-9419-85a8f8c02563, 이지순, 남, 44, 1980.07.24, 인천 웹구 35길 43
9a3d1f96-ba40-46ea-a49f-38321a3d2c54, 조승은, 여, 34, 1990.11.16, 부산 새싹구 29길 27
4f992ca3-6319-47b1-8e1d-72fa22845610, 정정순, 남, 35, 1989.08.21, 전주 웹구 32길 11
9d7bddff-e0b8-4975-b730-60f17ca58737, 이하민, 여, 47, 1977.06.11, 전주 웹구 13길 8
62dd7aa1-47d2-4171-8441-b0dbed9df1ec, 조하순, 남, 32, 1992.06.14, 부산 자바구 30길 73
c98a0507-fe19-4e78-bc90-34de3458623c, 이영림, 여, 27, 1997.05.27, 부산 지구 45길 39
20684da5-9cb8-4efb-a1c5-e8ecc4240ab5, 이재림, 여, 31, 1993.11.06, 전주 웹구 1길 26
4def0a36-7b92-4731-ab60-d1d5d067b8ea, 최지민, 여, 32, 1992.07.17, 세종 코드구 84길 20
2c4a746f-97f9-4ba1-ab9b-775eb8dd2c33, 이영연, 남, 23, 2001.08.22, 인천 웹구 74길 15
10394aa2-d889-443d-ad80-1cfdb68a052d, 유영준, 남, 45, 1979.03.31, 전주 자바구 99길 9
8f640f17-82d7-498f-b48a-2cb046614948, 박다준, 여, 44, 1980.10.30, 세종 자바구 47길 91
e6fead0c-2ff6-4822-a8de-e27f274b176e, 진정연, 남, 32, 1992.10.16, 부산 자바구 2길 51
ce150170-648a-40b2-a6cd-85d6da8e9069, 강재림, 남, 24, 2000.02.25, 세종 자바구 47길 23
e2f509ce-1931-41a7-a47f-a39af3ceae6a, 진예민, 여, 29, 1995.12.25, 서울 자바구 51길 90
86f22cc0-fbfb-4f8b-a6bf-1ca2c3d63be6, 박정연, 남, 48, 1976.12.07, 세종 새싹구 63길 85
d37f9d02-ae4a-4e91-9ed5-3ef7611e642c, 맹지미, 남, 31, 1993.06.20, 부산 지구 32길 46
329cf9f3-cba9-4217-942d-098574929276, 정예은, 남, 45, 1979.03.23, 부산 지구 72길 32
f96ad47d-2369-4235-8970-18caab4d3a86, 박유민, 여, 42, 1982.06.11, 인천 지구 14길 89
ab3d8c89-eaaf-40cf-b5de-c55d1bf79da2, 최정진, 남, 43, 1981.02.25, 부산 웹구 54길 92
9ee0f57e-0bc7-4e45-bc0e-11deadf22761, 이다민, 남, 25, 1999.06.06, 부산 지구 71길 13
f55beabf-589a-42dd-885d-5e1633fefe71, 고하림, 남, 45, 1979.01.31, 인천 자바구 44길 50
e64256d3-59ac-46c3-8f26-8c2ce8435f51, 조승순, 여, 47, 1977.01.21, 서울 지구 33길 97
51aa640d-614d-4252-9adb-b2d58c32c226, 강다진, 남, 21, 2003.05.28, 세종 새싹구 17길 4
439f7282-ca1f-41b7-ad4e-c226448fdb4a, 조다순, 여, 26, 1998.12.27, 세종 자바구 61길 58
31e4ce55-183e-4016-8855-530575898bb6, 고상현, 여, 21, 2003.12.29, 부산 코드구 20길 79
20d7a7d8-29f5-4052-b6d4-8a4887d460dd, 최다은, 남, 26, 1998.09.23, 인천 웹구 34길 63
32a12e8d-5291-4fb1-9bfd-5df84f36ba8e, 박영준, 남, 32, 1992.01.07, 부산 자바구 30길 78
a6a4814d-f4a3-4f7c-8e44-56e14e12e991, 강지은, 여, 35, 1989.05.02, 부산 지구 50길 77
9826ca53-81e8-405f-8df3-abc19ec2bb67, 최영민, 여, 23, 2001.12.22, 전주 코드구 30길 54
273c7b14-6c0b-4167-a534-920b044a5fc5, 진승진, 여, 37, 1987.09.30, 부산 코드구 94길 22
4d57dcef-0bd5-490b-bdb9-63a4ec478588, 최정림, 남, 49, 1975.09.05, 전주 지구 17길 14
af8e4f43-482a-4463-96d3-1108c74d69af, 맹다진, 여, 45, 1979.07.20, 부산 웹구 23길 40
9546b188-53eb-4327-8966-3f8b1cc3d1b6, 최승우, 남, 31, 1993.09.02, 전주 웹구 2길 66
d3cddb86-da18-43a9-a2e6-c13bb9462af8, 강정미, 남, 21, 2003.06.13, 부산 자바구 80길 99
61308ddb-4e6e-48e9-9e1b-1f6d7610c5f5, 유재미, 남, 31, 1993.10.26, 부산 코드구 15길 74
55ac0d8a-f124-43f9-9f80-7203b2d8292d, 정승미, 여, 46, 1978.09.12, 부산 지구 92길 88
d4f3b592-cad7-48c5-b703-519b084f96a1, 정하민, 여, 40, 1984.01.31, 서울 지구 81길 60
a0b68758-a8cb-419e-9f3f-2bb91bc354d9, 강하현, 여, 26, 1998.04.29, 인천 자바구 1길 97
7099197b-f152-49b7-9dce-426f2093a019, 맹하현, 여, 45, 1979.06.28, 서울 웹구 78길 56
3865ac51-43a0-41f4-892b-dbbebcf04623, 맹예현, 남, 41, 1983.06.26, 세종 새싹구 11길 21
2055b36b-0736-4c44-b47a-c97a6d6b993e, 박승우, 여, 26, 1998.10.31, 부산 지구 92길 94
191cf431-5b92-4240-adbb-72539f7c1a79, 고승연, 여, 49, 1975.02.11, 서울 코드구 38길 82
676948bd-05b8-4a55-b02f-013dd039a1f7, 조예연, 남, 24, 2000.10.31, 부산 코드구 87길 27
52b77f3c-04b9-4787-9c49-aa3de083fe86, 강유진, 여, 40, 1984.03.23, 전주 코드구 30길 95
5be544fc-d411-4f27-961a-0b2985296664, 고예우, 남, 24, 2000.12.24, 인천 새싹구 38길 34
9b56d95e-d117-4d45-a04d-d7230f1ac2bb, 최상진, 여, 37, 1987.02.26, 서울 웹구 51길 60
962caa32-0228-4f1c-b4c6-13b6145257e1, 조승연, 여, 21, 2003.06.09, 부산 웹구 70길 75
b06c8992-1f8f-44e7-9aa9-65dd2c4da097, 맹예미, 여, 25, 1999.06.24, 서울 지구 62길 11
5bd3027d-c367-4ab5-9ffb-1206f95e9b82, 정지현, 여, 22, 2002.10.17, 전주 지구 81길 31
b931190a-a94d-4be7-9fc8-7412a4699117, 최하민, 여, 48, 1976.11.28, 세종 새싹구 48길 79
8ed7ba16-69a1-4bf3-984b-5032c342178b, 유영진, 여, 37, 1987.09.26, 세종 자바구 22길 53
4e0c68a1-a1ba-4805-a71c-3d58298083e6, 박유우, 여, 48, 1976.03.21, 인천 새싹구 43길 95
e866132f-be3b-4170-8bc0-44a2ec2f15cb, 조재연, 여, 22, 2002.10.26, 인천 새싹구 69길 81
d76daa98-35fc-4232-b705-fdee1c511d94, 정예은, 여, 36, 1988.12.09, 전주 새싹구 14길 64
92c824a8-76b9-4199-b7dd-a86a85c5016a, 정상준, 여, 45, 1979.06.19, 인천 웹구 45길 93
62040c10-5c2c-406a-847a-c2909d7325c7, 이유진, 여, 44, 1980.09.04, 세종 새싹구 93길 5
00a3878c-8ef9-4892-9706-d40ca52079ad, 강유우, 남, 30, 1994.11.21, 부산 웹구 21길 44
b7da2abc-6652-4eb9-9ba1-982a8c710fcd, 조하미, 여, 45, 1979.05.04, 세종 지구 50길 56
2374f8ca-645d-418a-8d8d-8c821b56f313, 박영연, 남, 41, 1983.07.01, 전주 자바구 13길 90
e31a692b-625a-4e76-b9a1-10b6e6fbe4ae, 고유진, 남, 22, 2002.09.07, 부산 자바구 42길 31
d8103eff-a662-4c28-be8b-0ef85c86129a, 진다준, 여, 32, 1992.07.28, 전주 새싹구 85길 90
0082e3ce-9b99-47b4-84ba-1acf593d2bc3, 강재우, 여, 33, 1991.12.03, 세종 새싹구 29길 67
f8038c90-7469-4f39-8f08-637f24757c11, 유재현, 여, 41, 1983.03.07, 부산 지구 79길 96
123f9252-66f1-4dc0-9aac-89fd3b0ae84b, 정영민, 여, 25, 1999.03.31, 부산 지구 61길 76
514f1273-f289-4911-96ed-d28bc08fe227, 맹다준, 남, 29, 1995.04.03, 전주 새싹구 42길 42
17f667bb-6899-495f-a6a8-71b0dff91195, 최다림, 남, 37, 1987.07.23, 인천 웹구 84길 79
fc521846-8d8e-4db7-b111-f80a2a327e0f, 고하림, 남, 25, 1999.04.13, 인천 자바구 48길 38
a19bf3de-5e51-4ce4-8c2b-f56fe02a756d, 유영은, 남, 27, 1997.04.10, 인천 지구 58길 31
764a2341-3d17-4220-bbf0-7a74dad43ba7, 조유현, 남, 29, 1995.06.05, 전주 지구 38길 82
44e851e5-4434-4e23-acc3-4342591c2ca1, 정상준, 남, 27, 1997.08.07, 세종 코드구 7길 27
4185e950-a4f0-41f4-b7de-b9cf5e9b79aa, 정영현, 여, 42, 1982.03.23, 인천 자바구 59길 13
aaa63cb9-1f5a-49fe-a4dd-d99537997e79, 강상은, 여, 24, 2000.08.12, 인천 자바구 90길 85
4bdc8a0e-5f0e-4685-a444-9990d44d21af, 조유준, 남, 26, 1998.11.21, 전주 코드구 2길 17
6c80ce86-b7cb-445b-a9d6-66b4be5949cf, 진상순, 여, 40, 1984.09.06, 서울 자바구 58길 97
b3473f80-4af4-4a70-bca5-b05b1a468f3d, 고정순, 여, 27, 1997.01.03, 세종 새싹구 74길 41
122c5e7e-beaf-47a6-901f-7d70b67aa4fd, 유다준, 남, 43, 1981.02.02, 서울 새싹구 2길 94
efb1349e-8f52-495b-875f-89d44f36903b, 맹지은, 여, 24, 2000.10.31, 서울 코드구 79길 28
f84f988a-e81d-4450-a1f4-ad4e600a52f1, 유다림, 여, 27, 1997.12.25, 서울 코드구 85길 5
acc666cd-96f6-4e14-8876-a7671a6b194d, 박유림, 여, 31, 1993.05.08, 세종 자바구 98길 53
3f455d9d-ad74-42a2-826d-b7de505f871b, 정상림, 남, 49, 1975.02.26, 인천 자바구 87길 38
6a52b5e0-b50d-4f44-8be9-f0649b222441, 최다우, 여, 26, 1998.10.17, 전주 지구 95길 83
8f708143-905a-4ebf-96e2-5cecd0e17a75, 이승은, 남, 31, 1993.04.21, 부산 코드구 89길 40
93b9d8d6-3874-4a6d-92a4-1f3824800593, 맹유미, 남, 48, 1976.06.05, 전주 코드구 68길 40
b92421f7-ed05-4811-8a39-b65456e24d6d, 강하순, 남, 42, 1982.02.08, 세종 자바구 55길 79
a26573bd-27b8-4f7a-b3d3-1c40f0e1e162, 맹하순, 여, 41, 1983.01.08, 전주 지구 64길 75
9a26cf50-83f8-40bc-b736-2ee45442c80e, 이지우, 여, 25, 1999.02.18, 세종 코드구 89길 46
593ab895-7dde-4139-bfdc-28348fe92563, 고상림, 여, 28, 1996.10.29, 서울 지구 89길 75
b5d9f6fb-3e7c-47a8-98ff-c68b43d710c0, 맹다은, 남, 35, 1989.02.26, 인천 자바구 84길 76
31002120-bc7f-4fbc-bca9-206b28ec8e17, 정지은, 여, 25, 1999.01.06, 서울 지구 86길 77
0bd2ad9a-d90c-488a-b967-3127f82f9724, 진지준, 남, 31, 1993.07.17, 세종 지구 16길 22
5a74a4f1-f20e-4e76-abdd-bf8843f7f829, 이승우, 여, 24, 2000.09.13, 전주 새싹구 46길 13
3c7f3646-14bf-45e2-999b-95e94986684f, 이상현, 여, 40, 1984.06.30, 세종 지구 67길 54
b4a7900d-cc65-4955-a466-d3f933e083da, 맹승현, 남, 42, 1982.09.19, 세종 새싹구 72길 61
138bef40-ca5f-4fbb-ae19-d37866df1b7b, 박영우, 여, 37, 1987.12.16, 세종 자바구 31길 43
b7b5dfc6-92e1-4944-9b77-ed28797b4891, 박정민, 남, 44, 1980.01.12, 인천 웹구 50길 40
1b19d3ed-e578-4ee7-8443-9475880936dc, 진하준, 남, 45, 1979.08.15, 세종 새싹구 6길 21
34778abd-8f70-44ab-bb8b-a06f57be4244, 고지연, 여, 27, 1997.04.06, 서울 새싹구 61길 23
bd4fbc71-c78d-45ad-93d2-78f12ea4cbd7, 진지우, 여, 29, 1995.12.30, 인천 웹구 70길 73
3f57ba53-4323-4e63-8454-9a66ac7a8406, 정하우, 여, 45, 1979.08.08, 서울 웹구 80길 77
67c867c8-c95b-4195-9cec-481210a89bd0, 진예미, 여, 34, 1990.01.22, 인천 지구 45길 69
ed50031b-e384-4c67-9f0a-b503e30902cd, 맹유연, 남, 33, 1991.06.20, 부산 자바구 62길 64
1319780c-a04d-4a21-8917-ded52ecd48a8, 박정순, 여, 48, 1976.06.21, 서울 웹구 56길 5
61ab12d7-e136-4efd-9d28-3f0550846d25, 박상우, 남, 46, 1978.06.04, 전주 자바구 56길 18
188e6293-e5eb-4a56-b10c-b6a124c57ace, 조지현, 여, 42, 1982.01.21, 부산 자바구 22길 47
9b8b6757-46cb-4467-a1b8-9a729ed62b76, 강유현, 여, 33, 1991.07.07, 부산 웹구 8길 64
f05c6d94-681b-44f4-992a-4de5bbb4fd84, 강유현, 여, 42, 1982.08.08, 인천 새싹구 19길 32
afa43d48-0647-4176-aca0-8db63743303f, 유승순, 남, 32, 1992.01.09, 인천 웹구 97길 78
21c73dbe-9ac3-4eca-89de-5eeb0b65bd13, 최정순, 여, 27, 1997.02.19, 인천 자바구 12길 64
eb97dd5b-fce5-456f-82dc-2505f5b81ff9, 이지우, 남, 23, 2001.01.24, 전주 새싹구 22길 75
9e9c944a-5855-4385-9176-de81bcf6be90, 유영준, 남, 29, 1995.09.21, 인천 코드구 29길 64
c09ec9ff-12bc-459a-bd10-3279283dab4b, 고상연, 여, 22, 2002.08.01, 세종 웹구 43길 76
294c4205-5334-4861-a3d8-6613dc5f143e, 유지진, 남, 41, 1983.07.17, 세종 지구 67길 28
a8765561-79bf-4f32-a218-8ab335201286, 이재미, 여, 22, 2002.10.14, 세종 지구 39길 57
bec94e1a-5541-4fc9-a79d-5bb6c2f744e6, 박재준, 남, 42, 1982.10.16, 부산 코드구 15길 92
628174c1-288d-4b4d-90b2-f9d4630bba2f, 진하우, 남, 35, 1989.09.14, 서울 자바구 3길 41
4534ea0e-6d24-482f-bb30-2e0173d73590, 유예순, 남, 31, 1993.03.24, 서울 웹구 43길 60
ac0ee627-7910-41a1-b574-e09d9601fd95, 이지우, 여, 29, 1995.05.17, 세종 새싹구 64길 10
38dc6fba-4b48-4693-bd83-c75b47781585, 강정연, 여, 48, 1976.10.18, 부산 웹구 9길 36
9cd7a80b-e514-474b-be4a-07e1278062f6, 유유준, 여, 21, 2003.07.02, 인천 자바구 50길 89
276d1140-d371-48d9-85e4-cd8c65374372, 박상은, 여, 42, 1982.12.25, 서울 자바구 88길 51
9a49e6ca-623f-4750-9db5-5b0cd29efb98, 이승현, 남, 50, 1974.10.30, 서울 자바구 41길 41
a54c0164-2699-4f32-9323-76c00c3c00eb, 맹영연, 여, 32, 1992.08.28, 인천 새싹구 29길 79
c3b09577-7368-407c-bd32-32ea46cfba9d, 최예은, 남, 23, 2001.10.07, 부산 지구 53길 84
7dd589b7-041f-4306-ba28-b36822b61f9b, 정예우, 여, 40, 1984.11.22, 인천 새싹구 47길 85
a7fa7301-df53-413b-bbf5-8bde57755e1d, 진재은, 남, 25, 1999.03.10, 부산 코드구 31길 63
73857063-6698-4033-9036-01fc57bb50ca, 맹상준, 여, 33, 1991.10.10, 세종 새싹구 84길 58
e13063d3-a882-4d57-8df4-5bc5d90d3973, 정승준, 여, 23, 2001.11.20, 서울 지구 8길 26
92e56cdc-841f-487f-8491-d9b6b8752074, 맹정림, 여, 49, 1975.04.27, 인천 웹구 7길 36
2b250552-d3ad-451f-9b4f-7bae019c871a, 정유림, 남, 30, 1994.09.20, 부산 새싹구 83길 52
727f3b7d-203e-4585-ae2d-0f44ab4b0a90, 진지순, 남, 24, 2000.05.01, 인천 새싹구 23길 47
b4bb7f2d-2f30-45d7-8a98-34645647e5cc, 이하우, 남, 33, 1991.08.16, 세종 코드구 33길 34
7fd652f5-ea42-4f18-8a93-1a4b90a11ff3, 유유민, 남, 49, 1975.09.24, 세종 코드구 38길 35
652c54ff-4f8d-4b15-9f85-6eb6a6a454d5, 정하진, 여, 22, 2002.05.16, 인천 새싹구 42길 27
11b4b89d-69e1-4447-85b7-e5d65769434b, 유승진, 여, 39, 1985.05.03, 부산 코드구 94길 67
9c3a9ef2-d481-4a7b-91fb-771974386d57, 유다연, 여, 24, 2000.07.16, 전주 코드구 35길 57
50d54a97-221c-456f-b2f7-664f48ac13ce, 강유우, 남, 47, 1977.04.12, 전주 코드구 12길 22
2d3e2f8a-1a82-4206-8f22-6f92af75699f, 강하우, 여, 43, 1981.06.08, 부산 지구 89길 5
c7639b12-60f0-4cd5-98fd-f617e835ac1e, 정지현, 여, 36, 1988.08.06, 전주 코드구 11길 68
d2f0751f-58d0-4023-b825-7544e13d0976, 박정은, 여, 26, 1998.01.20, 전주 웹구 2길 19
b43b911a-8b07-40bf-be7b-fad81ef99e95, 조정순, 남, 43, 1981.04.26, 서울 새싹구 68길 67
71bda8d1-656d-47ae-938d-9893b61aba5c, 최상미, 여, 47, 1977.04.27, 부산 코드구 82길 14
4a5471c2-252f-49d5-bc5c-ae78325ad7f6, 최다순, 남, 50, 1974.10.16, 부산 지구 89길 93
0cc7f28a-137c-44ee-b70c-95fcbb2007b6, 이영진, 여, 32, 1992.08.27, 서울 자바구 53길 53
bf97bf82-3410-4642-adfe-b880695e61ce, 이다미, 여, 50, 1974.04.11, 인천 새싹구 22길 14
acca452f-9639-46e5-96fc-9837e7eed1d9, 유승우, 남, 30, 1994.04.22, 인천 자바구 13길 54
9836ed12-88df-42c9-8fec-142bb6df3065, 진유준, 남, 37, 1987.11.30, 서울 웹구 81길 8
3ae76d50-ab7c-4f18-b32f-226688589f5d, 맹지현, 여, 41, 1983.06.28, 서울 웹구 82길 14
9fc1fd43-39b1-4561-831f-7e0f668419ce, 이예현, 남, 27, 1997.03.05, 인천 새싹구 13길 39
fcc1cd89-e6d0-426e-97b1-443d3f6c3c2a, 맹지진, 남, 39, 1985.03.08, 세종 새싹구 72길 87
fcf5ba2c-4e93-429b-8e15-b89cad2019c8, 이승연, 여, 31, 1993.09.17, 서울 새싹구 65길 51
b971ae6d-3447-4303-83b5-891c9b1fd56d, 조예준, 남, 20, 2004.12.10, 부산 코드구 44길 80
136f7cf8-97b0-403a-a1be-9a7ce480dd99, 고유준, 여, 23, 2001.03.11, 인천 지구 81길 97
02dbac45-1478-4c2a-9293-a3aba69c23dd, 박재민, 남, 28, 1996.07.20, 세종 지구 73길 1
a068491b-a36a-4cc7-a9f5-51dcc8f96b1a, 진승민, 남, 39, 1985.08.10, 전주 자바구 1길 27
f662f360-d7c7-4fff-ab8d-6af658e90c71, 고재우, 남, 32, 1992.01.10, 서울 지구 9길 18
ee3253f0-abe8-4362-b239-7817d787f13d, 박유순, 남, 27, 1997.05.21, 부산 자바구 91길 85
893555be-b12f-4a11-a157-d30e4241297a, 강다우, 여, 20, 2004.09.15, 세종 코드구 70길 6
641bbc79-d132-4286-bf01-cb2f1c0d6dff, 정상미, 여, 34, 1990.06.10, 부산 새싹구 26길 40
45df1a05-6a15-4dd9-b1aa-3db52290aa95, 이예현, 여, 23, 2001.10.02, 세종 코드구 100길 40
ef7be3d4-c761-49d5-bd81-0375aafa68bb, 정재연, 남, 48, 1976.03.30, 인천 자바구 17길 38
0c8fae5e-3668-486c-a060-8fd81bfe8042, 정예진, 남, 31, 1993.01.09, 세종 코드구 32길 69
61fffd66-3ec4-4c61-9a21-21095824301c, 유예순, 여, 34, 1990.09.05, 세종 코드구 41길 23
9af05a3b-3684-409b-b633-9733279a1837, 맹영현, 여, 29, 1995.03.12, 서울 지구 88길 20
2df3f476-8051-4474-9dd0-0e4e7ef210fa, 고다연, 여, 38, 1986.09.29, 세종 자바구 26길 61
c78a195b-d9a5-482c-bca9-0d29b89d245c, 조예연, 여, 40, 1984.04.29, 세종 지구 94길 82
530c46b1-4d72-4870-89e3-dad967b799f8, 조지우, 남, 50, 1974.08.10, 부산 코드구 47길 69
99e7bdc2-47bb-46a8-9c77-7f941ca175d1, 박하민, 남, 35, 1989.02.08, 서울 웹구 28길 31
52bd6179-0496-4bab-9100-fd27fbaa23b7, 박다미, 남, 38, 1986.06.10, 부산 지구 76길 72
3471d4d5-725a-4b34-94c1-a02527fd5289, 강예림, 여, 36, 1988.12.11, 전주 코드구 20길 92
2a50c0d3-a1ec-41e2-a056-0c96989b05a6, 박정진, 남, 26, 1998.08.24, 인천 코드구 80길 96
1cb39590-6733-4440-b15b-61b776865341, 조재준, 남, 41, 1983.01.03, 전주 지구 20길 79
c686bdf8-2e67-4ead-b4ae-7a2493e2408b, 유하민, 남, 46, 1978.08.06, 전주 자바구 9길 28
14c39d75-4b11-4373-8706-8fa2d7a02fba, 박정우, 여, 46, 1978.05.28, 전주 코드구 26길 14
47253e7d-55ad-4331-b339-6c69e1f4a55b, 정예순, 여, 41, 1983.12.04, 인천 새싹구 5길 57
d0bcfded-210c-4c84-a4be-b8c7def9a458, 진유우, 여, 40, 1984.05.22, 세종 지구 96길 100
592f6f3d-0176-43af-b19a-b9c45cf36901, 고유진, 여, 22, 2002.06.04, 인천 새싹구 36길 4
6e5fa649-f2a8-4374-9a2e-4de87e1ceefc, 유상연, 남, 45, 1979.02.24, 전주 새싹구 22길 36
e52e34d0-1000-4778-a29b-87216c1d64c9, 진영림, 남, 38, 1986.06.26, 서울 웹구 55길 15
a52867fc-500d-4c6c-bc20-bf2386e4576a, 유상현, 여, 29, 1995.09.11, 서울 코드구 49길 47
1bc44ff7-3898-4463-8a9d-19c26a1cdd62, 정영은, 남, 20, 2004.10.14, 부산 코드구 62길 91
def03399-911f-4ea4-834f-6692870a0863, 강영미, 남, 49, 1975.02.25, 전주 지구 41길 27
38442541-e389-4c00-a12f-242221369651, 박예준, 남, 50, 1974.02.18, 인천 코드구 10길 3
3b7cca9d-0a62-4166-a829-c3b2f0995a5e, 조다순, 여, 48, 1976.01.16, 전주 웹구 41길 61
72910cbb-8de1-44c3-897a-93d3076a9dd8, 강영우, 여, 38, 1986.10.24, 세종 웹구 10길 20
43c6c148-d0a0-4179-ba4d-8c6bb62399a6, 정영준, 남, 38, 1986.02.13, 인천 웹구 93길 9
e7bef232-80e9-4311-83da-2cc04d563246, 맹상우, 여, 44, 1980.02.25, 인천 새싹구 35길 13
5764f097-43b0-4e44-8ed9-1d5681b9f759, 최다미, 남, 22, 2002.12.20, 부산 코드구 83길 41
dbd9dada-95cf-40e7-b065-90e69a4dec88, 강예연, 여, 25, 1999.05.23, 세종 새싹구 90길 29
296e4b62-6b44-442e-8988-4d4a66a870e3, 강재진, 남, 31, 1993.12.15, 부산 웹구 40길 86
a1d12fe5-1ba3-4bbc-8a11-2fe5ad047bca, 강유민, 남, 44, 1980.07.15, 인천 코드구 27길 78
de382c0c-529d-4d4a-ac1a-c1b382102d77, 정재순, 여, 20, 2004.03.05, 부산 웹구 1길 8
7e52dcd7-b63f-4dd8-9a9a-2acc4680abec, 유하진, 남, 28, 1996.01.27, 세종 코드구 2길 61
650fec3c-723a-4dc8-b256-0c8bbb078469, 조다순, 남, 43, 1981.06.05, 서울 코드구 72길 88
a4b95b0f-4698-4245-80c5-82091f2641ea, 진하민, 여, 44, 1980.11.12, 서울 지구 50길 39
9c76dea6-b10d-4d68-a3dd-c4b433d88034, 맹예민, 남, 35, 1989.04.10, 서울 코드구 19길 52
314049eb-2174-4c74-8644-f2d50a9a0569, 정정순, 여, 39, 1985.03.05, 인천 새싹구 84길 38
a880af02-3a61-49f4-845e-f4a3bbe42894, 진영순, 여, 33, 1991.10.29, 세종 웹구 82길 77
ccf8de3d-a95c-4965-b349-02cef5e484c0, 조다현, 여, 38, 1986.07.11, 세종 코드구 15길 14
bdac07fd-0cdf-48ab-8681-4f15639ef921, 조하준, 여, 34, 1990.08.08, 전주 새싹구 36길 81
e09c0921-36ac-4098-ad6a-543f7abe8d03, 최재진, 남, 43, 1981.05.03, 전주 코드구 99길 13
296847b7-cab4-41bf-825f-905f25e7606c, 이지은, 여, 41, 1983.04.19, 서울 웹구 63길 91
47f8eab8-4ce1-4813-865f-0b78cacd12d4, 정재순, 남, 50, 1974.03.18, 서울 자바구 80길 26
32655ae1-e530-4e03-85bb-ba9f2b0331a9, 최예순, 여, 30, 1994.05.07, 인천 새싹구 2길 89
35293be9-5afb-4573-8053-7722dc4903c9, 최지진, 남, 48, 1976.12.04, 세종 자바구 38길 39
38f29d9a-a33c-45cf-b2a9-7940f5b71ef9, 유예준, 여, 25, 1999.06.17, 부산 새싹구 75길 77
1541ac6e-73fc-416b-aac5-c56cc9aeb811, 강영순, 여, 46, 1978.08.14, 부산 코드구 6길 63
04f81817-6274-4653-b25e-ad150ff5dd9c, 맹지민, 남, 37, 1987.09.16, 인천 웹구 58길 52
b909d62c-b89e-4f45-981b-6acf69c70913, 진다림, 여, 23, 2001.09.17, 서울 자바구 59길 15
75aaf258-570d-480d-8680-072ba8c43f92, 유영진, 여, 31, 1993.01.03, 인천 지구 22길 92
ea75e469-ba60-47e2-ac26-e7747388e8b9, 정영우, 남, 42, 1982.07.19, 전주 자바구 9길 89
094583c0-d055-4773-85f5-835e3e97ca5b, 고정림, 남, 25, 1999.01.04, 세종 코드구 100길 12
638ff18b-5675-45d6-b9b1-b92a56968eb7, 유유순, 여, 22, 2002.11.11, 전주 새싹구 24길 26
e20eb76a-488d-4e73-9c1c-33c49c215a12, 조지연, 여, 40, 1984.03.24, 부산 지구 73길 62
82c3c74e-eff6-469b-b3eb-d2de7a2bb4f9, 고유진, 남, 24, 2000.04.17, 인천 새싹구 63길 24
6cfbcedd-c57b-46a0-bf91-b0cc56ef9a5f, 고상림, 남, 36, 1988.06.20, 인천 새싹구 37길 23
b8864bc2-997a-4632-8f4d-c04b0f254262, 강유진, 남, 31, 1993.12.21, 인천 코드구 67길 47
4fb99156-43be-43a3-a0ef-d687f5d21b53, 조재연, 남, 32, 1992.03.28, 서울 웹구 89길 1
6c3d37f2-0d93-4a65-87f6-4d9646d67d0a, 맹예은, 남, 43, 1981.12.29, 부산 코드구 69길 40
a790197e-e2ec-40d0-9a79-3e6e24f6c1bc, 박영연, 여, 39, 1985.07.18, 인천 자바구 53길 87
baca7ccf-08ff-4350-b2a2-4cfc899c7c90, 진하은, 남, 30, 1994.11.23, 세종 코드구 93길 35
9015aaf7-87b5-4bc1-b682-30f88114c4a4, 정유순, 남, 38, 1986.05.01, 인천 새싹구 73길 71
8f2b5a5f-69af-4d59-8b5d-6b528b3a7353, 박예현, 남, 30, 1994.07.18, 세종 웹구 86길 84
5dbce6a9-edf6-4316-99e4-cd36de340ea2, 진영림, 여, 30, 1994.02.03, 부산 웹구 81길 50
d2ea0dfc-cc12-4ca0-a862-0a8fcecd487e, 정다현, 여, 29, 1995.06.09, 전주 지구 87길 75
8bce638a-fbec-4401-9825-a41cfaa9d7be, 맹하미, 남, 42, 1982.10.17, 인천 코드구 77길 27
f6e3aaf8-e8f9-437b-98f1-e520852d0aff, 진다림, 여, 25, 1999.10.25, 세종 웹구 14길 71
ca193eb5-e4de-45a8-b767-7dd40a860a67, 박유준, 여, 21, 2003.06.06, 인천 자바구 71길 50
852ac5d7-8244-43c1-a96d-1043b44b9af1, 강지현, 남, 34, 1990.12.22, 서울 자바구 79길 66
d68034ae-d2fd-4893-ac0c-22c4aadbaf0f, 맹다림, 남, 21, 2003.03.28, 전주 웹구 79길 69
a70cf8f9-efb2-41de-a766-5cc786361831, 유승림, 남, 38, 1986.07.20, 서울 웹구 9길 41
790b8071-1d66-403d-a286-8bbd2c2eb95d, 최영진, 남, 50, 1974.01.19, 부산 자바구 85길 97
efbddef6-a724-4261-a369-b51ceafe9626, 진정미, 여, 25, 1999.11.05, 전주 웹구 64길 60
0b5d92ef-9b43-4c11-b475-1798f55337f2, 이승림, 여, 35, 1989.05.30, 전주 새싹구 40길 36
77fa1ef2-af5f-43fb-8759-bfb59662b8f4, 이다준, 여, 41, 1983.10.08, 부산 웹구 81길 16
ef46ae34-5e1a-48fd-8328-6e4117ac59d2, 강하우, 남, 37, 1987.01.02, 인천 코드구 86길 64
81dee6c5-fd7c-435f-95a1-9a95487a2cfb, 진영준, 여, 21, 2003.11.30, 인천 코드구 21길 90
2f5cb858-fd63-43cd-a2c9-a79d3f796d21, 맹승진, 남, 41, 1983.04.09, 인천 웹구 1길 76
d8f1232f-d942-421d-bd3d-207fb28bf0a6, 조정준, 남, 44, 1980.10.04, 전주 지구 32길 73
808e9066-991b-475a-96ac-4cce76f0e64b, 강예현, 남, 43, 1981.03.17, 부산 자바구 85길 7
1a3fc22b-90e5-4e4c-abf3-af641aa7433f, 유상은, 남, 32, 1992.05.12, 인천 코드구 85길 15
67a5c1b0-4ceb-4257-a8f6-7a496311ebd5, 최지현, 여, 46, 1978.10.20, 서울 자바구 38길 67
2b98f800-d86c-4fac-8c53-b2e67e37342b, 강승민, 여, 27, 1997.07.27, 인천 새싹구 35길 82
57ec331b-4ab1-417d-a7b1-4a4b387bc54e, 최영우, 남, 35, 1989.09.18, 서울 지구 9길 34
8078b5c4-2233-42cd-94e5-89c330b5bc8f, 맹예준, 남, 32, 1992.11.23, 부산 자바구 39길 15
aafddc58-db45-4e45-b4f1-e00760494bac, 정재연, 남, 40, 1984.06.26, 부산 지구 61길 25
4b99c07e-56cd-4395-a1e1-e2fc3cdb2cb5, 최정은, 남, 40, 1984.11.19, 인천 웹구 86길 82
ea7425ff-a89c-4439-b4b8-40ecc799329c, 박지우, 남, 24, 2000.01.20, 부산 지구 23길 95
07747da9-4286-43ef-b6d4-8c778a02c6b7, 정예우, 남, 37, 1987.07.11, 전주 웹구 43길 18
9ceafb1d-bca1-4e49-94f6-2388de13754b, 박지미, 남, 23, 2001.08.30, 세종 지구 85길 55
e8f95c0c-4bea-4899-a5a2-01b908e8e65f, 강지진, 여, 23, 2001.10.27, 부산 새싹구 84길 95
47c70a46-24a0-42dc-a470-72b6bb8d55eb, 맹유림, 여, 30, 1994.11.27, 부산 지구 2길 43
ee249fd1-dca3-4996-99fd-95c361bd6448, 진지연, 남, 46, 1978.01.06, 부산 웹구 9길 60
1efa580e-2022-4d77-a41f-adbe69ad046a, 고예미, 여, 23, 2001.10.28, 부산 새싹구 60길 4
c07ba849-0b70-4dc3-9137-88574a57c058, 정정진, 남, 38, 1986.02.01, 부산 지구 6길 26
9c9d0eee-a1ac-4e9c-8690-bcf5d8b916db, 정승준, 남, 36, 1988.08.31, 부산 코드구 66길 49
81c8e024-73a4-451b-836f-435a714d9c37, 박하우, 여, 32, 1992.12.15, 전주 자바구 44길 30
941d5e7f-9cbf-4a45-8d54-f47e20fe952d, 박지우, 남, 37, 1987.02.21, 서울 새싹구 57길 72
631e8469-f75c-4914-a579-298ca5beddbe, 진예현, 남, 44, 1980.11.29, 서울 새싹구 11길 12
3e8eb5c3-43d5-47f5-b951-6d372762e05e, 고유진, 여, 33, 1991.08.15, 서울 웹구 92길 47
4465e50f-b7c3-4f6d-b52b-fd49c1faf184, 유상민, 여, 32, 1992.10.12, 전주 웹구 1길 93
739f7231-856d-4d48-8abd-a7dbd5696d09, 진승미, 남, 27, 1997.12.17, 전주 새싹구 35길 98
52d041a2-51f1-4dc5-8da9-b444d5ed2249, 맹정연, 여, 28, 1996.08.02, 세종 웹구 29길 41
68ea6a9a-1985-4d49-adec-88f193e6055e, 맹지림, 여, 41, 1983.12.27, 전주 웹구 48길 71
9a0c84c1-2627-4b12-9700-6beb873744e0, 정상은, 여, 20, 2004.02.26, 전주 코드구 29길 58
314d84fd-6bf6-429c-a854-fdfe1a20ead2, 박정은, 여, 25, 1999.09.22, 서울 웹구 73길 35
b9f271e7-01e4-4eeb-9a44-eef41f30217d, 유예준, 남, 45, 1979.05.20, 서울 새싹구 90길 41
cf5495fd-5dfb-497d-849a-14b4fc57201b, 고승미, 여, 23, 2001.02.03, 서울 새싹구 21길 10
b395fcbb-1cbd-4366-9acb-33d769019269, 이예현, 여, 33, 1991.05.28, 전주 코드구 43길 15
9c93e254-fe21-429f-a7e4-5837828f86f3, 정정은, 남, 22, 2002.06.08, 전주 코드구 58길 35
94912916-8af6-4f08-af36-ac4786931287, 박지연, 남, 24, 2000.07.02, 세종 코드구 67길 29
b3184c3a-ecd4-4d1c-bca3-b044ea431e6e, 강예은, 남, 33, 1991.01.14, 부산 코드구 99길 55
6711b450-e5fc-421e-81ed-f243e8c277c2, 유상림, 남, 25, 1999.06.14, 부산 새싹구 82길 10
3422891b-9874-481e-933f-6c475c06f9a3, 강승현, 여, 30, 1994.07.26, 서울 지구 82길 74
340af72b-ce5c-41b8-8ce7-3b5d9511aa00, 조하연, 남, 28, 1996.01.26, 인천 새싹구 50길 79
13b7f5a9-03cb-477b-8f2f-5c303558ed2b, 유영진, 여, 42, 1982.12.20, 인천 지구 68길 20
a751626c-df6b-4d02-b847-d53cbedf53d9, 고정미, 여, 44, 1980.04.02, 부산 지구 31길 69
ebe43e31-bc3f-4f89-9ed5-f71ec86d956c, 고승순, 남, 21, 2003.10.22, 인천 자바구 93길 72
61d75d38-cb29-41b0-8033-f2fa35b4aa2d, 조정우, 여, 30, 1994.02.02, 세종 자바구 6길 15
701ccae4-5f90-434c-bd80-5261fdf1c49b, 조정미, 여, 47, 1977.03.07, 서울 새싹구 59길 14
1a29a282-3279-475d-90a5-f1424d222bd6, 박예연, 남, 29, 1995.11.15, 서울 코드구 48길 40
266b1c01-26f6-4fa8-aed5-1e0a30c2a021, 진영연, 여, 22, 2002.02.16, 서울 코드구 75길 22
2d298042-34d3-4237-a0f2-e78432ee467c, 박하미, 여, 47, 1977.01.05, 전주 자바구 69길 27
de5699fb-9ca7-44c5-be10-7500a19be59b, 박하순, 여, 21, 2003.11.01, 부산 코드구 84길 89
5cfaa2ed-26e2-4f5b-b793-b053c4e442ad, 조정순, 여, 27, 1997.10.13, 세종 웹구 21길 9
6efa203f-5dc4-4ce2-92c3-5484c7cf9e9d, 조재순, 남, 44, 1980.03.21, 전주 새싹구 45길 38
c17f6c5c-c2b2-4361-93ad-aa05138d83e1, 이하순, 여, 42, 1982.12.30, 인천 자바구 35길 19
90ed3815-e90c-4024-9a47-4765d2f9e5ec, 조유현, 여, 42, 1982.06.12, 인천 새싹구 56길 57
ad9b97be-4602-4463-a6a1-cfbe8b84deb6, 유영민, 여, 38, 1986.02.24, 인천 새싹구 55길 99
5cec79a0-7c3a-4379-a646-3a3d197f0f8a, 고재현, 여, 29, 1995.09.25, 부산 지구 31길 36
2b78991a-5f56-4f03-ae34-938ba6ba122d, 최승미, 남, 50, 1974.02.07, 부산 지구 17길 68
71d462ff-b399-4fcb-92ae-59dbfb641abc, 고정연, 남, 41, 1983.10.11, 전주 자바구 3길 86
535ac65a-930a-4388-8cb8-ec4e28344b39, 진하림, 여, 33, 1991.12.07, 서울 코드구 91길 98
65a2e1be-da44-4202-a5da-0a0e0591b76b, 유상민, 여, 46, 1978.08.16, 부산 새싹구 6길 63
1bfb16f2-85e2-4be9-85a7-5825004cfa07, 박상림, 여, 28, 1996.12.29, 전주 코드구 69길 17
3d986bad-faf0-49b7-8f79-fcc0bf3e6977, 정영민, 남, 24, 2000.02.27, 인천 새싹구 57길 88
1fad7d58-8702-40a8-af32-8ba19a63080d, 정정림, 남, 50, 1974.11.24, 서울 새싹구 75길 61
7335e096-b45b-4592-a8da-a78f44befc01, 고정미, 남, 47, 1977.05.18, 서울 새싹구 58길 88
86154705-1e28-4f8c-a4ef-ac100a4b8590, 정정은, 남, 34, 1990.05.29, 부산 웹구 87길 33
a2a79e0c-6e25-42ae-bde0-a827272d1d0c, 정유현, 여, 27, 1997.03.20, 전주 자바구 13길 72
2beacd2a-d42a-4c08-8efe-e6d17bf3800e, 조정민, 여, 31, 1993.05.27, 인천 코드구 94길 44
b6fd513e-c155-48c6-b2df-a798a6ea4a9b, 이상연, 여, 50, 1974.05.08, 부산 자바구 95길 56
605f2176-9c51-4c26-bdbe-2ad3b0b4a662, 정하우, 남, 40, 1984.11.18, 세종 새싹구 44길 50
81494bb6-7790-45e4-8218-ec0b666ac823, 조승은, 여, 26, 1998.02.28, 서울 웹구 54길 81
063106ea-7447-4998-a675-917b2c4eed89, 강승우, 남, 28, 1996.10.29, 전주 새싹구 34길 90
4622a22b-c8ad-4432-ae59-90a7eb888e98, 강영림, 남, 47, 1977.06.04, 세종 새싹구 70길 92
b3350d95-ca6f-4297-b1f0-7e506a50f874, 박승순, 여, 42, 1982.02.27, 부산 자바구 99길 19
74fb756f-ddeb-4311-a837-effa80329a3f, 고예준, 남, 31, 1993.01.08, 인천 자바구 15길 74
3c6d449f-3dbc-4e95-8e7b-8727ddd98299, 유영연, 남, 24, 2000.12.20, 부산 코드구 30길 19
24913c89-8d14-43c7-8abf-a613e2a39ad8, 유승은, 여, 44, 1980.07.09, 부산 코드구 69길 32
78bc9ae6-688e-42f9-bcce-6376631e3b42, 고승연, 여, 39, 1985.11.23, 전주 새싹구 92길 98
ecca6f98-c7a3-4ef9-ab5c-c28f9a1ddf49, 맹영은, 여, 33, 1991.05.27, 세종 새싹구 87길 80
f4bb8570-4b05-4df0-b134-e96f15a03eb1, 유영진, 여, 37, 1987.07.22, 서울 새싹구 38길 58
73090d1d-ac69-4619-94ff-ac52e6c9a386, 최하미, 여, 20, 2004.04.30, 서울 코드구 98길 8
68277c0f-2861-4883-83d1-59a4517ae7ed, 최영은, 여, 33, 1991.02.24, 인천 새싹구 41길 60
9d7985ea-dad0-41ca-811c-53db847c26c0, 박상민, 남, 28, 1996.07.16, 서울 지구 41길 11
28a5677a-f1d7-45d5-92e2-b523a0d33d29, 정승현, 여, 27, 1997.02.20, 서울 코드구 76길 90
47452c1a-7a96-42ad-b780-4edd1d72a347, 강유연, 남, 30, 1994.03.22, 세종 웹구 24길 27
89a7f1d5-495e-4181-910f-7a0fb719f918, 박예연, 여, 48, 1976.05.27, 세종 웹구 43길 91
21c6998f-1840-4e66-91b3-4aa15ea85fe2, 이예준, 여, 47, 1977.01.09, 전주 지구 18길 20
dc490c60-52bc-495a-be6b-63a8b6240f9b, 고상은, 여, 37, 1987.10.04, 서울 자바구 47길 3
5a51059c-2cf3-44e4-865e-0175ebf120e3, 박다현, 여, 40, 1984.10.26, 서울 웹구 8길 5
8bc4671b-12b9-44d6-b586-b5146f693527, 박승현, 여, 50, 1974.11.20, 인천 지구 47길 31
f735b88c-cd5f-409f-a663-2f090fb4c8d2, 강다진, 남, 23, 2001.07.01, 세종 코드구 35길 21
34b384f3-467f-419b-8043-86c406fd47b2, 진승순, 남, 47, 1977.09.02, 세종 코드구 23길 82
19fd71ce-3a7b-4e7e-9c80-afaaae2454e6, 이재미, 남, 50, 1974.05.28, 세종 코드구 10길 89
81b52578-b20c-4cf9-b71d-9b794801c47d, 진상순, 남, 42, 1982.09.05, 서울 자바구 87길 70
69882793-7ce4-45d4-8897-d5b48e23fb0c, 박재림, 남, 23, 2001.12.03, 세종 코드구 2길 51
77fd6816-8570-4262-97b5-5451fdb84a81, 정다연, 여, 38, 1986.11.27, 세종 지구 53길 49
50ce3aa5-847c-42f8-b79f-e3dfd72cea1c, 박상미, 남, 35, 1989.06.30, 전주 자바구 7길 85
bf8bf47b-9bff-4228-898e-48d887836694, 조영연, 남, 21, 2003.06.25, 인천 자바구 93길 33
339a4b3b-4b57-4ee5-9b31-f2c0b0cb66de, 정하민, 여, 23, 2001.12.25, 전주 새싹구 83길 98
df326efb-31bd-4451-8cdb-666d0e1783bd, 맹승우, 남, 20, 2004.12.07, 전주 새싹구 43길 40
ea4f2231-cd02-4df3-8e00-9ab429492355, 정하미, 여, 25, 1999.06.13, 서울 자바구 40길 28
02af8e90-2c68-40c4-a957-049fdd2660bc, 진승준, 여, 30, 1994.11.20, 세종 자바구 18길 93
2aa7adeb-e010-4e09-9293-8621a8030726, 최유은, 여, 40, 1984.04.28, 서울 웹구 9길 95
fa907546-7d86-410b-b58a-c7a561d66186, 강승민, 남, 30, 1994.09.12, 세종 지구 44길 43
06243f1b-28d1-40d0-a342-b925ffe5dfbc, 정지진, 여, 28, 1996.12.26, 인천 웹구 78길 97
3ce3e5c0-7199-460d-b97c-509a277ad7f7, 고지우, 여, 38, 1986.07.22, 전주 자바구 68길 77
14d48065-e988-4442-9d0e-9cfef4af237c, 이유은, 여, 50, 1974.12.24, 전주 웹구 28길 33
0ca6a7f0-6135-451e-9d00-cc60d8828beb, 맹다현, 여, 35, 1989.11.15, 인천 자바구 15길 50
b46dba45-e590-4311-911e-3eab1e078d5b, 고지우, 여, 47, 1977.06.23, 전주 지구 37길 1
2fe8a573-f662-4993-a181-368713360a7a, 진다준, 남, 36, 1988.09.11, 인천 웹구 100길 46
6f6fb9b4-2a8d-4843-a34b-8a5f33590936, 박예연, 남, 27, 1997.06.29, 부산 자바구 79길 16
16219102-b9fc-46a7-a674-bb60bd671ec4, 강영순, 남, 45, 1979.09.20, 인천 새싹구 55길 10
983123bb-cdf3-4631-9796-fe0541744045, 박재은, 남, 49, 1975.12.03, 서울 웹구 8길 18
c5d11d2c-0f83-42a7-a559-570fd73dc805, 고하진, 남, 49, 1975.03.10, 전주 자바구 77길 98
ba188c1e-c7b4-4d09-9aec-5fe0f7cae910, 조하순, 여, 46, 1978.09.22, 전주 지구 88길 26
51f317c2-4fcb-4883-a794-c787213772ed, 맹다순, 여, 50, 1974.04.18, 세종 새싹구 63길 45
e0aa81e6-33a2-43c3-8a9c-f13780ef955f, 유하민, 여, 45, 1979.04.04, 서울 코드구 82길 73
d1286718-af9a-4109-8b6b-778c5510b051, 이하연, 남, 26, 1998.08.28, 세종 웹구 97길 32
a37337c8-e1ea-4a3a-a01a-52548cdec51b, 고예우, 여, 37, 1987.09.16, 전주 새싹구 18길 1
3692a1c7-32f3-4e21-bff5-1488e53f3852, 이상준, 남, 34, 1990.03.10, 서울 지구 90길 94
e00eb90c-7de4-454b-b44e-bdd9516aef09, 최상림, 여, 39, 1985.10.22, 인천 코드구 59길 74
ec9dc82a-34d5-4dda-97d2-f46f14975146, 맹재순, 여, 25, 1999.03.06, 세종 웹구 9길 46
930a8149-e412-4cd4-a65e-4e178cf2cab7, 조유우, 여, 39, 1985.01.15, 서울 자바구 59길 80
1c1448b2-a0fe-428a-a3e0-f8cf3e2ffca7, 유재림, 남, 41, 1983.11.20, 서울 새싹구 20길 72
b7ba4ec9-4950-4a0e-8046-f4c57ceef110, 이상민, 여, 20, 2004.11.17, 서울 새싹구 78길 80
4e2a7b25-81e3-4610-aeb9-62e237527f04, 조다미, 여, 40, 1984.06.03, 서울 자바구 84길 62
b68f1cbb-798a-4e81-a93e-06d2b826fa96, 정하민, 남, 32, 1992.06.18, 서울 새싹구 67길 12
6f0c654b-4a73-4220-bafa-db9b3c4063e4, 진승우, 남, 48, 1976.02.28, 세종 새싹구 23길 52
5fe251b8-b973-4620-8030-5af0ebd4c84e, 박다은, 남, 22, 2002.03.09, 전주 새싹구 80길 87
2c39b90a-7d33-4dd1-aa53-e99c8b3d4933, 박지림, 여, 29, 1995.12.11, 서울 자바구 55길 52
13401e2a-f6f1-4cb9-8167-9e892f243753, 고하준, 여, 24, 2000.02.10, 전주 코드구 36길 39
e52538ae-9c30-4ab7-94e1-7980be4a539b, 최영미, 여, 48, 1976.11.17, 인천 자바구 74길 62
3e6d7e93-5180-46da-aed7-5377e309493a, 맹정진, 남, 34, 1990.01.24, 인천 자바구 96길 65
bc316a51-faee-4288-bcf0-fb45a8930aef, 진정민, 여, 48, 1976.02.22, 전주 새싹구 37길 17
f65ab3b9-6e66-4e7c-a46b-9b125ea13f04, 정상우, 여, 22, 2002.10.11, 세종 지구 88길 21
b21ef0c5-127c-4f47-8415-6946aebb3ddc, 강승현, 여, 37, 1987.11.20, 세종 자바구 3길 81
097a9a5f-006b-400a-9fcc-ee7d0fa8ecc9, 정정민, 여, 22, 2002.06.17, 세종 자바구 69길 13
6feadd1c-1d0e-4c01-af07-cf584727913d, 정예은, 남, 42, 1982.11.08, 전주 코드구 4길 80
5880840e-2409-4afa-8546-686de9be76e5, 진상현, 남, 36, 1988.05.09, 인천 웹구 61길 89
c4914b38-b1c9-4b83-8668-d506eb43b6b1, 이다림, 여, 47, 1977.07.04, 전주 웹구 79길 20
43085b4a-b663-4393-99fe-d359df3bf91a, 조상준, 여, 37, 1987.08.15, 전주 지구 15길 66
f9e2a6e6-4bd1-490b-ab7b-7f85eeabe105, 유유연, 여, 43, 1981.08.12, 전주 자바구 39길 86
2dc3c96b-a735-4cfe-9527-c8bfc4799580, 고다순, 남, 48, 1976.09.13, 인천 새싹구 98길 94
db2b89f5-ced2-409d-8a70-19fa9820b177, 박지연, 남, 20, 2004.08.29, 세종 코드구 97길 31
0afe6d26-5431-4747-80d8-b228ba1bb4d3, 유다우, 여, 40, 1984.02.07, 서울 지구 24길 58
5f752233-48ad-4cbc-9b3c-6362416ab147, 강정우, 남, 31, 1993.11.08, 전주 자바구 73길 38
ebaa318c-a40c-4946-9f7d-e7a1ca19eb9d, 조승미, 남, 38, 1986.11.05, 인천 자바구 88길 80
e5a37481-6e4a-47dc-af5f-3c098d29e939, 강유미, 남, 46, 1978.09.05, 인천 코드구 75길 53
d6a1ce07-a726-495f-a9b5-bcc7e2901cf0, 박유준, 여, 24, 2000.03.30, 부산 자바구 58길 9
20cf6fe3-70af-470c-9f49-1ad6d0b5fc49, 이예현, 여, 44, 1980.05.30, 세종 웹구 38길 79
0e90388f-02b2-42f2-8267-8502c49244fe, 진다미, 여, 46, 1978.12.11, 전주 자바구 78길 23
29d85915-7bb0-4659-8f89-934555a02b45, 맹승준, 여, 35, 1989.02.06, 서울 새싹구 73길 51
84c5574d-8e2b-4263-ab6c-187968343c1d, 진지연, 여, 45, 1979.02.24, 인천 새싹구 62길 23
4b5beb0f-73f4-4443-b2c2-5fea24c35992, 진예준, 여, 30, 1994.02.20, 서울 코드구 66길 39
e79c8a24-5687-4ab3-ad1b-ddf7a0d386c6, 진정연, 남, 30, 1994.04.29, 인천 웹구 39길 42
6c4ba630-a1d7-4eef-ae35-fbdbd50d3ba6, 정유준, 남, 45, 1979.02.01, 부산 웹구 55길 90
8961d0a2-9747-439b-90a7-3d20dfa6aeaf, 박예현, 남, 34, 1990.12.28, 부산 웹구 44길 26
afb96c33-bb03-49e5-af3f-1583e5af937c, 진승우, 남, 46, 1978.01.31, 서울 웹구 44길 84
1039e33a-d60f-4ed9-aa18-d962b3b72ccc, 진영우, 남, 28, 1996.02.07, 세종 자바구 96길 89
acff56e3-eea7-4328-af5f-21387015bfec, 유재준, 남, 43, 1981.03.15, 인천 지구 54길 28
c1a3eccf-1b4b-46a3-b73f-eb1ee13f67a3, 정재연, 여, 31, 1993.10.25, 인천 코드구 65길 99
630a366f-53eb-405c-9a28-814e726d477e, 맹상순, 여, 34, 1990.08.23, 세종 웹구 13길 17
d17bf295-973d-4cfc-a0e4-13a5e15c7f82, 맹하림, 여, 49, 1975.09.08, 부산 웹구 33길 99
cd504a76-3058-4130-b7a3-a991589aa5e9, 최상우, 여, 22, 2002.11.28, 서울 새싹구 35길 84
cc5325aa-27ad-475b-93a9-a50567cfac4b, 박하민, 여, 37, 1987.11.11, 전주 웹구 71길 94
938f5b7f-b987-455f-a7d7-81d6d0276029, 최승순, 여, 47, 1977.10.20, 부산 새싹구 40길 76
5950d51c-b2cf-4d36-b5de-b090c219d086, 최재현, 여, 23, 2001.10.22, 서울 자바구 58길 3
bd6c033f-fdc5-4daa-9d4a-98c5de268017, 박예순, 남, 36, 1988.08.16, 세종 새싹구 27길 19
a97904e6-942c-4dc6-bc44-c8b0f81b1eea, 박정미, 남, 35, 1989.12.15, 세종 새싹구 74길 12
ca7be9e4-2f7a-493f-8507-9080bb933b1d, 조영은, 여, 31, 1993.03.13, 부산 새싹구 3길 55
521a0ac6-4b15-46ca-98cf-49402a3a9eed, 강유민, 남, 30, 1994.08.23, 세종 웹구 21길 31
b19cca56-4490-4440-8c6c-b6909f076030, 유영민, 남, 41, 1983.01.08, 부산 자바구 35길 69
e2eff73c-2418-4454-a16b-2e6575d25261, 박승림, 여, 26, 1998.04.21, 세종 코드구 10길 60
70f6051e-5349-4bf4-9a81-49f87ee91b40, 조하우, 남, 44, 1980.04.28, 세종 코드구 20길 58
181acf37-6c0a-4588-bea0-e30d8c86add2, 유승민, 여, 41, 1983.06.09, 전주 새싹구 22길 76
c4f5b34d-0dd0-4ac4-906f-8d28d96cb0cb, 이영은, 여, 37, 1987.08.31, 인천 웹구 6길 29
360c5f9b-b8bb-43ce-b21e-a0d58e44c8f9, 고재민, 여, 41, 1983.12.12, 인천 코드구 66길 46
a7d8f350-3d9e-402d-82e9-7231db7209bd, 고하우, 여, 47, 1977.11.11, 서울 새싹구 43길 84
4e397d27-1722-4097-97b9-aa097501bf9b, 유승진, 여, 34, 1990.06.05, 인천 새싹구 14길 80
2d7fdc7e-d581-4ecc-960c-dd5e0bd12d75, 맹정준, 여, 36, 1988.02.04, 인천 지구 40길 33
e12d3dff-47c3-4b05-b480-360ed8fe57ae, 고정순, 남, 34, 1990.05.19, 서울 웹구 58길 59
aab8a6fb-32fa-4d36-8a50-a86e103399d5, 고영순, 여, 36, 1988.05.11, 세종 지구 30길 66
833be051-5ada-484f-900c-55d7ec71c7f0, 유재림, 남, 30, 1994.05.02, 서울 자바구 34길 4
aa21e29a-e262-4c18-8789-ee17f5c50e31, 최상준, 여, 22, 2002.10.20, 전주 웹구 58길 88
f751ec47-9af2-4318-8118-5632680b6820, 이상진, 남, 27, 1997.06.10, 인천 자바구 91길 59
7a8a235c-3b0f-4863-891b-da3df9cb160d, 조상진, 남, 25, 1999.07.31, 서울 자바구 35길 32
65a92344-7ee7-484a-bf9b-b220dcae7038, 고유준, 남, 40, 1984.06.17, 서울 웹구 55길 19
aa319fcd-d0c8-4ee4-ad93-c276ad17d00d, 최예진, 남, 40, 1984.04.05, 인천 새싹구 11길 12
7efcec75-a3db-486e-a77d-7870e3fb1b29, 최지림, 남, 20, 2004.09.30, 서울 웹구 85길 99
ca294513-27f5-49eb-82e0-7d2e1478259e, 유지진, 여, 23, 2001.12.10, 부산 자바구 83길 52
57860855-5fe6-47d2-947e-737fb94216ce, 강승은, 남, 36, 1988.11.01, 부산 웹구 52길 8
dfe8b008-b441-4e47-af40-5201df1f7162, 고재순, 남, 33, 1991.05.01, 부산 자바구 51길 14
cf872a60-fd5d-43b0-abcc-a553556a3ee0, 진다우, 남, 44, 1980.11.30, 서울 웹구 35길 50
8d5f5c2e-a65d-4685-b396-c8c2f85d5034, 박상진, 여, 42, 1982.11.02, 부산 새싹구 60길 96
94f1af46-272c-472a-9e2a-4e62cf36a540, 정하순, 남, 38, 1986.08.20, 전주 웹구 66길 57
2513069a-d7ad-430b-8d44-ddad330e7c8f, 정지은, 여, 42, 1982.10.22, 서울 지구 81길 88
0c4c67a2-ac13-44a8-a7e4-71f1974ad558, 맹영연, 남, 34, 1990.06.03, 서울 웹구 99길 69
572e104a-7720-46c8-bb33-44bd1808071c, 고영준, 남, 24, 2000.11.23, 인천 웹구 80길 81
3e46e99e-be9b-4139-b920-fa89ae7b0e6c, 조승민, 여, 43, 1981.02.14, 전주 코드구 7길 84
9b41f1ec-0ace-4706-9ea5-a06a59502f31, 조재미, 남, 45, 1979.04.04, 부산 자바구 97길 29
84685ec3-1f0b-4662-a3b2-4b43e7ec9ff6, 정승민, 여, 29, 1995.10.03, 세종 웹구 53길 16
9f8079e1-751a-4848-8e42-f39de69f8f8a, 강다은, 여, 42, 1982.11.03, 세종 새싹구 95길 63
efa8a67e-8b8a-4421-839f-cb199cb4f65f, 진상현, 여, 21, 2003.04.05, 서울 웹구 50길 33
50708162-e86c-4892-9cb5-ca89b92779f8, 맹영진, 남, 50, 1974.11.04, 세종 지구 87길 30
27037edb-1075-452c-8653-508471a53639, 이예미, 남, 38, 1986.01.02, 인천 웹구 66길 60
a6b9319e-d4e2-4eeb-b616-7c9749178da2, 박지진, 남, 41, 1983.03.07, 전주 자바구 87길 41
77d84fd5-416c-4d99-97eb-5f9d155166bd, 정승우, 여, 38, 1986.02.25, 서울 새싹구 97길 57
3ad389a4-2846-4272-845b-dc7ccf2d7c89, 유지진, 여, 42, 1982.05.28, 전주 웹구 23길 40
e218f8fa-b975-4fee-904f-544013a11041, 맹재민, 여, 22, 2002.07.24, 세종 코드구 34길 70
b9c2799b-23bd-4d30-a689-805c8debee33, 최상진, 여, 46, 1978.05.26, 전주 지구 38길 89
44c4a977-2cee-461a-ad70-b14b79195b37, 조예현, 여, 38, 1986.10.25, 부산 자바구 96길 48
c8c4a45d-8171-4319-a572-076ca2abf251, 진상연, 여, 39, 1985.06.20, 서울 코드구 10길 65
8797e8c3-e161-412e-99c0-25f13c03aee9, 조다진, 여, 37, 1987.02.08, 인천 지구 69길 66
4bc2d3e7-2bba-44a7-a270-ef547a4aa01e, 유다우, 남, 50, 1974.10.26, 전주 코드구 65길 84
447fc2e3-644c-4224-8552-c2f1219fc178, 이정순, 여, 33, 1991.02.22, 전주 자바구 58길 58
07d21ce6-fe3d-44d0-bade-87ccc23f0254, 강상민, 여, 46, 1978.08.06, 세종 웹구 68길 61
59890444-45c5-4606-9ec2-21f46b5f5abc, 진영은, 여, 44, 1980.05.13, 전주 지구 90길 64
4cae7bdc-f5c3-41f0-a041-eff2a7fdd572, 고재림, 남, 39, 1985.04.23, 세종 새싹구 82길 68
ea121968-1867-4d09-9b30-7fbe736c0014, 정상미, 남, 27, 1997.06.04, 인천 자바구 82길 73
7c4f5c3e-3e30-4d33-9907-8fff07087172, 고재우, 남, 50, 1974.11.30, 전주 웹구 98길 58
b7faf7e2-e3f9-4deb-9b73-c5dd8774e1fc, 맹하은, 여, 31, 1993.04.17, 인천 지구 82길 62
4395d917-d885-4a77-84f8-53c5e451f8ce, 고다림, 남, 47, 1977.09.24, 세종 웹구 29길 76
242a1da0-acd6-4809-9d21-1632ef9d3ccb, 진예연, 여, 34, 1990.07.14, 인천 웹구 49길 88
81a84b29-9f16-4e2e-8099-f8ccc57514c7, 고정우, 남, 42, 1982.11.07, 서울 자바구 89길 25
030216ef-a6a4-4985-ac44-69eb879b7d44, 유정미, 여, 31, 1993.05.16, 전주 웹구 16길 4
97d55db7-fd88-49f8-8dd4-3c56fc8addbe, 고예진, 남, 37, 1987.11.13, 인천 자바구 36길 87
e56a97eb-cde9-46b4-8967-a34760223b4f, 고승우, 남, 36, 1988.12.02, 서울 새싹구 80길 18
d05e1f46-f54d-4ffc-983c-80f526738c41, 맹정준, 남, 37, 1987.08.05, 서울 자바구 98길 66
45498755-cd1b-4cb6-b71e-b091267b2e26, 최하현, 남, 27, 1997.10.29, 세종 새싹구 98길 51
5682dd1d-ac60-4deb-9006-f5b191992c73, 유승림, 여, 24, 2000.01.26, 세종 새싹구 67길 55
fa6c43c8-9383-4b0d-a08e-b5be12182dd4, 고다우, 남, 25, 1999.03.17, 서울 자바구 53길 52
ce568a48-e6cd-477f-999c-b093671c261c, 최승은, 여, 32, 1992.11.21, 세종 코드구 56길 69
b7b16044-be55-463a-aaf5-d5a2a17123a1, 진승현, 남, 20, 2004.06.08, 서울 코드구 84길 64
73011703-5b97-42ea-8815-2149e172c2fc, 유정은, 여, 25, 1999.01.01, 전주 웹구 76길 83
ec7759c0-c545-40bb-9d49-0ee0f75f6e0f, 박정우, 여, 46, 1978.04.22, 부산 새싹구 58길 63
9e9408d8-201e-47be-bf4a-90123cbfe881, 고정미, 남, 29, 1995.07.05, 세종 자바구 45길 98
aa8a169c-f16e-46d6-9fde-5b2a9e4f5629, 유상순, 남, 41, 1983.10.19, 세종 웹구 50길 59
dec5f325-c166-4117-9e59-85b115baf146, 맹재미, 남, 27, 1997.07.15, 세종 코드구 18길 5
f9bd4b15-a383-4fe2-8bb1-fcd7be210066, 정유우, 남, 29, 1995.11.09, 전주 웹구 86길 4
973d409e-2989-4039-9e0c-09ac66f3e899, 조정현, 여, 28, 1996.01.11, 전주 지구 87길 6
61b447a0-4ece-4b23-bef1-3e96f1c3e86b, 조승진, 여, 48, 1976.03.21, 전주 새싹구 17길 84
c7d57c97-61f1-4185-9107-465ed015f8b4, 강영은, 여, 40, 1984.12.21, 인천 웹구 19길 60
9c1495d0-5040-43d8-9d5e-7ef8cef66459, 고상민, 남, 38, 1986.08.03, 부산 지구 41길 11
329b77ca-3487-403d-b209-00ef853fac89, 이정림, 남, 32, 1992.06.05, 세종 지구 84길 65
a776149b-e6a7-4b75-949f-cb64bad0f7c6, 진상순, 남, 26, 1998.05.04, 부산 새싹구 11길 23
33644b71-c514-4211-8131-8fb90b020c19, 진정순, 남, 26, 1998.05.16, 서울 지구 84길 96
667b4d85-48e0-4e2f-8527-94b7194398d5, 유상연, 남, 23, 2001.07.04, 서울 새싹구 38길 14
1e9a37e7-66aa-467c-b142-f0ee508ae78c, 최정은, 남, 20, 2004.07.28, 부산 코드구 6길 86
d104102f-dca2-4ce8-81c7-9ee28f63dbda, 정재준, 남, 43, 1981.10.13, 서울 자바구 42길 16
f297b964-f462-4cae-b9ae-7faa4fa63451, 조지연, 남, 36, 1988.11.06, 인천 웹구 38길 14
ec92de2c-6843-443b-96db-6e97da189c8a, 정재림, 남, 49, 1975.02.23, 서울 자바구 81길 43
18f03879-32e6-48fc-8389-a393eb95183f, 맹재민, 여, 27, 1997.12.06, 전주 새싹구 27길 68
72b5d8d6-af58-40b2-af4c-ad478c6cd453, 강재우, 여, 39, 1985.03.24, 전주 웹구 70길 60
5426d4f2-f718-429f-bbdc-19d345e611b1, 이다미, 남, 37, 1987.04.08, 인천 웹구 70길 56
4780ebbb-33f0-4a1c-8f5f-25d8831aa5f6, 유하민, 남, 50, 1974.11.15, 세종 웹구 59길 65
ecc2af7f-c3b4-404d-b713-a6ad32a05483, 박승진, 여, 44, 1980.04.11, 부산 코드구 4길 49
74cca874-6a76-4509-8802-c9941317f186, 이상순, 남, 28, 1996.05.14, 세종 새싹구 17길 6
3602d131-8d15-4fe3-b87c-358bdce5ad02, 맹재은, 남, 49, 1975.03.05, 서울 웹구 52길 74
3b41f939-ac9f-460b-974e-7aa95f71bea7, 이상림, 여, 44, 1980.08.11, 서울 웹구 69길 87
c6d59c43-1bd1-432a-8812-ffd5c74246ce, 진예우, 여, 28, 1996.10.09, 서울 새싹구 77길 47
2b01deda-0b5c-4fcc-9886-ee5c18d9d4f5, 최재미, 남, 33, 1991.07.18, 인천 자바구 39길 53
80b51ba4-46aa-4295-90f2-b0c6f7a8987f, 강영연, 여, 36, 1988.09.06, 세종 새싹구 55길 52
4f9fe464-d71e-4ca3-b130-ebdb230314bd, 유유민, 남, 45, 1979.03.29, 서울 코드구 40길 98
9d1c90d0-0402-483d-972e-173d063d3cf0, 정상은, 남, 47, 1977.08.20, 전주 자바구 32길 65
a5c80f3b-6452-4317-892c-31876df41ef5, 조하은, 남, 45, 1979.11.20, 부산 자바구 1길 22
dca2dfc3-cac9-4299-960e-ac7b2a3a92d6, 맹하연, 남, 28, 1996.02.16, 세종 자바구 79길 59
4c30f571-51b2-41c5-903d-033a327aa6be, 강하미, 남, 20, 2004.09.09, 인천 코드구 33길 15
4f3599a0-352f-4290-a554-8df88871e714, 이승민, 남, 50, 1974.01.09, 인천 웹구 88길 64
7d2c36ef-7ab3-42de-9fc3-af236f042a19, 고재은, 남, 35, 1989.05.25, 서울 코드구 10길 99
55a54621-72d7-476e-bf46-a4c11fe8f9d6, 이유미, 남, 35, 1989.04.27, 세종 새싹구 65길 79
c2533292-a7b3-4ce0-a649-f0201b786878, 유다순, 여, 29, 1995.10.30, 서울 코드구 20길 22
8d51db48-7980-4521-ac80-6f0a11d0b661, 진재순, 여, 43, 1981.07.20, 서울 새싹구 91길 95
14ed720f-32d1-499b-a610-ed268d4b816f, 고재준, 여, 46, 1978.06.29, 서울 새싹구 41길 93
cdde5669-f775-4a26-acdf-7db6d24f6961, 정정민, 여, 43, 1981.05.26, 서울 새싹구 30길 24
d0432a4a-29f7-41ad-be62-6fed2b8eac2f, 맹예연, 남, 32, 1992.11.04, 세종 코드구 19길 40
fbfc2915-a487-44db-b9c5-0c50054ad05b, 박승진, 여, 38, 1986.11.18, 세종 새싹구 44길 2
b7a196bd-bb06-4e3a-bf7b-bb1716cfc0e0, 유예미, 남, 30, 1994.08.02, 서울 자바구 51길 27
7edf661e-5178-4323-9fc7-4b29a4415d2b, 진재순, 남, 21, 2003.07.08, 세종 자바구 12길 9
81b07e35-3539-4a93-a51c-7f71ee2f0914, 진하미, 남, 47, 1977.10.27, 인천 새싹구 31길 26
ab741ddc-d008-4002-9625-6220989b5836, 이정진, 여, 37, 1987.10.07, 서울 자바구 27길 99
a5ed4ee9-5f5f-4633-9a09-f8920a9c379d, 조하미, 여, 37, 1987.10.31, 인천 코드구 54길 12
624fd8b5-5b36-42b7-b152-89b2f21c3082, 고유림, 남, 35, 1989.03.04, 세종 웹구 43길 98
1bedaa32-ab3c-4d77-8f95-95c9593d55f5, 강정연, 남, 41, 1983.01.29, 세종 코드구 15길 7
b0f7f971-9ca2-481a-ab73-716e7715c7ef, 조지진, 남, 39, 1985.12.12, 인천 웹구 82길 64
7849794b-a5fc-403d-9339-fe5ed385793d, 유예림, 여, 39, 1985.07.24, 서울 자바구 27길 56
cba83e8b-e132-4399-9fce-c09179b648da, 고다연, 여, 48, 1976.09.06, 전주 자바구 40길 77
2cbbd4d1-a8a9-411f-a61b-a4bf220289bc, 강하민, 여, 29, 1995.10.24, 세종 자바구 65길 18
2062c295-5e02-49bc-aa90-791650b4f484, 강지은, 여, 33, 1991.02.10, 서울 지구 75길 55
2d81f975-142d-4d35-8de3-4c6fd88d39c0, 조재진, 남, 31, 1993.03.09, 인천 지구 65길 58
2488ce35-9780-4b2d-b0ad-1fe2813b99b1, 이지미, 남, 49, 1975.11.14, 전주 지구 35길 57
ceb23f3e-abf8-48ec-9dd0-4b8998757642, 이지민, 여, 31, 1993.07.02, 전주 웹구 35길 39
8a0e1efc-e84b-4d02-baee-6472cf61110f, 정예준, 남, 38, 1986.09.18, 서울 코드구 52길 64
d84295e1-46cc-477c-ae92-d3dd00bb66de, 강재순, 남, 21, 2003.11.04, 세종 새싹구 85길 7
adce2483-b05e-45dd-9396-363ec9869a6b, 맹영림, 남, 47, 1977.07.19, 서울 새싹구 73길 7
1dff415b-5ed9-45b7-93bb-374bcc488e79, 강예현, 남, 29, 1995.01.23, 인천 코드구 55길 84
d6e2f4f2-a5ec-4467-ad78-a1c02d888ea0, 강하민, 여, 23, 2001.09.05, 서울 지구 4길 21
9ed2264d-e6a0-4568-95d6-b88c7fb42aff, 강승미, 여, 40, 1984.02.02, 전주 웹구 54길 4
a4bfdc09-7cca-494a-aa07-1772e0da6ded, 정정미, 여, 50, 1974.02.16, 서울 새싹구 11길 30
ce9da34d-9e91-469e-8170-d9a4fe43a0f3, 정예현, 여, 41, 1983.11.01, 부산 새싹구 67길 32
42817a01-a5ae-432f-a676-2778b90d19b6, 맹상현, 남, 31, 1993.06.03, 세종 코드구 76길 75
85537664-0970-4838-a938-c01b9c80c1be, 이영현, 남, 28, 1996.04.26, 인천 새싹구 88길 96
55261c3c-9b0e-49b8-9e43-5aa08f3725df, 진상순, 남, 38, 1986.01.22, 인천 지구 68길 88
d875f23c-1f5d-4f45-9551-3663a5f306ff, 진지민, 남, 43, 1981.12.27, 부산 새싹구 84길 16
6e3985c2-63b1-4b77-b35a-f8f41d3001d4, 최다민, 남, 24, 2000.11.27, 인천 지구 77길 89
7a1c7dc3-527b-415b-9b5c-ed0c5dedf7b9, 정지림, 여, 23, 2001.03.05, 인천 새싹구 75길 4
58d2edb8-5ba7-4765-9d89-edbfa5f51421, 조재진, 남, 47, 1977.06.23, 서울 지구 53길 45
6bc6b57c-2139-422d-be0e-6fb0ba5ec756, 맹유림, 여, 34, 1990.02.01, 부산 코드구 18길 21
a80f0d0b-d85a-465a-b572-8d051d6de36b, 강유순, 남, 24, 2000.04.18, 부산 자바구 82길 27
edb9f6d4-c28b-44ef-b42d-ab7c3797f91c, 유승미, 여, 30, 1994.01.27, 전주 웹구 78길 92
a5bf8827-48c7-4a6f-a5d7-8a23064a10fe, 박하순, 남, 40, 1984.12.06, 전주 지구 96길 29
a04bff6f-ae98-469c-87fa-39a2a85b7f41, 이하은, 남, 21, 2003.04.17, 인천 지구 5길 79
8b000cf1-74f1-4608-8a87-550a94830239, 고상은, 남, 42, 1982.10.26, 서울 코드구 100길 28
fb37f1e0-61d5-4fe3-9c35-36a32b436104, 조승연, 여, 36, 1988.06.21, 서울 코드구 82길 93
760c3432-ab9e-4fb9-9204-2f6687acc1bb, 정정은, 여, 31, 1993.02.02, 부산 지구 32길 13
6d234e43-5ea5-4fab-bee3-e034dc317e4e, 고영은, 남, 23, 2001.08.22, 전주 새싹구 84길 43
d20b8475-51d5-486e-99b9-daaf51aed4c0, 최승미, 남, 49, 1975.12.13, 인천 새싹구 50길 81
a7fd028d-e0b9-4329-a934-bbf36e7c77fb, 박영미, 여, 30, 1994.04.19, 세종 새싹구 93길 25
5717f20d-1899-4880-a251-c98242c02568, 이하림, 남, 35, 1989.07.12, 세종 자바구 44길 41
61b6523e-b63e-48f9-bdbe-3e1967d13f68, 유상준, 여, 27, 1997.03.11, 세종 자바구 27길 13
3ddbe515-c1ae-4a9b-a0af-36fe469f6067, 진상현, 여, 33, 1991.05.10, 부산 새싹구 20길 63
74d547e7-f780-48db-ae5e-94ef031317c9, 정유민, 남, 46, 1978.12.23, 세종 지구 4길 13
dab45513-4fa2-4162-9ce9-aec8944119dd, 진다림, 여, 27, 1997.07.10, 세종 웹구 56길 65
81952596-be22-4ec4-90e3-7f1c20dde6d3, 유승진, 남, 26, 1998.05.07, 전주 웹구 62길 62
fca96981-061d-4f1e-aca9-79da15e06080, 조다순, 남, 48, 1976.09.20, 인천 새싹구 4길 92
bf1865a9-ef80-43cd-bdb8-debe480a2b94, 조다우, 여, 44, 1980.12.10, 부산 지구 28길 37
dd2831e8-9299-4faf-84f8-765ddb63424b, 고지림, 남, 39, 1985.05.04, 세종 지구 7길 83
c637e3d0-bf8d-4eb2-a9da-570d7ea2295d, 정재연, 여, 50, 1974.05.18, 서울 새싹구 9길 17
f828d499-b482-4a33-945f-54fe8f397493, 맹영민, 남, 22, 2002.02.01, 세종 웹구 36길 27
cc7c9f5a-2fe1-452f-a144-b2642ff9a4aa, 박하미, 남, 44, 1980.12.24, 인천 웹구 18길 1
e2b14163-c54b-4a56-b217-b454a54bee52, 정영림, 남, 47, 1977.04.21, 전주 웹구 63길 95
1b00c52c-00ac-4f3b-871e-9743c73eac84, 유재민, 여, 34, 1990.01.06, 부산 코드구 55길 29
120bb29f-a479-4793-bcfb-e8bbc74f481a, 조유미, 남, 47, 1977.10.21, 부산 새싹구 70길 71
69b193c3-807c-4e3e-823a-38148544b27b, 이유순, 여, 20, 2004.12.30, 전주 새싹구 38길 63
d140b951-7ca5-4bc2-93d4-3b20bd857943, 이예민, 여, 41, 1983.08.21, 세종 웹구 14길 81
603015ff-4252-4ab3-a0c2-119c9f7b6449, 최지림, 여, 26, 1998.01.05, 서울 코드구 68길 32
d64f0603-a6af-4e48-bb87-a586c5056976, 고지연, 여, 20, 2004.02.08, 인천 자바구 89길 100
73629c20-2908-4323-b741-17ff32d8423c, 박유연, 여, 29, 1995.10.13, 인천 코드구 29길 84
6df53732-5520-42f8-abb5-2079dede8485, 고정미, 여, 28, 1996.06.07, 인천 새싹구 41길 41
a703f631-8ae1-4d7a-8127-096b4b837124, 강정우, 남, 45, 1979.04.06, 부산 자바구 41길 88
90ec136b-2aa5-4ab7-bc43-d6cfbdd10846, 진상우, 여, 40, 1984.04.22, 부산 자바구 50길 51
d5b9d2a3-8936-44ed-accb-bd019329c996, 최영현, 남, 40, 1984.12.09, 부산 지구 60길 41
4e557e80-45f7-43a9-a5b6-626f14f6bf6d, 고승은, 여, 30, 1994.04.18, 세종 웹구 33길 80
1931322f-82a7-4505-b0f4-ba73dcdc2f36, 강재준, 여, 29, 1995.05.10, 부산 지구 87길 6
30e02a5a-223f-4655-8b36-ad00ade25cd3, 박정림, 남, 48, 1976.09.24, 세종 지구 17길 18
a6bfabba-32c3-4589-8a15-d8e8505bac42, 진상진, 남, 30, 1994.04.30, 세종 코드구 63길 73
e1982305-4075-4a2d-a962-b5885382aca3, 조승준, 남, 36, 1988.05.28, 부산 자바구 68길 47
6654577c-c826-4d4a-b833-6a9831682242, 최하현, 여, 32, 1992.09.08, 부산 지구 52길 26
854d9be8-f17e-4383-bf21-4fba1e82d33f, 조재연, 여, 44, 1980.06.17, 서울 지구 34길 35
586392c7-2092-4063-8f7b-25e93932cbb9, 유상민, 여, 35, 1989.03.21, 부산 웹구 51길 57
5ac19878-9183-4c6b-8e0b-6f7c19ead73b, 이예우, 남, 41, 1983.01.24, 전주 코드구 23길 28
17dd1df2-6d3e-42b3-af00-c80275bf0d99, 조다림, 남, 26, 1998.06.21, 서울 웹구 28길 79
c22bfad4-48e4-4686-b0db-e1ddb17945e8, 진승민, 여, 46, 1978.03.22, 서울 새싹구 28길 30
cae9ce4f-beed-4d51-bb3d-d0ec4ae46941, 진상현, 남, 31, 1993.03.14, 세종 지구 71길 14
2a6b6eab-af77-40d8-87d0-60ff50aa1f5c, 강다연, 남, 37, 1987.05.12, 부산 웹구 35길 81
68afe306-3bbb-4e72-8f4b-f1327ca30134, 박정은, 남, 38, 1986.02.19, 세종 새싹구 50길 18
2374fb76-3314-44b2-a4ff-ebeae9a630cd, 고예현, 남, 39, 1985.12.26, 인천 지구 78길 25
345e525f-3596-4fa9-a3dd-c81668e8d25d, 최영우, 여, 27, 1997.01.16, 전주 자바구 32길 93
1441a550-425b-42bd-bae5-311923280e14, 진재진, 남, 34, 1990.08.17, 부산 자바구 31길 76
787cd4ae-62dc-4719-9d3f-b769cc118f6c, 맹예민, 여, 22, 2002.04.11, 부산 자바구 45길 63
a25ab14e-a639-437b-a607-9838b02a71ec, 진재진, 남, 22, 2002.09.12, 인천 지구 13길 34
1bbefc43-eebf-434b-96b1-4da26136b763, 조정진, 남, 24, 2000.04.03, 인천 코드구 73길 46
188ef1c4-fbfd-42d3-88c9-05df53f88be8, 강영현, 여, 35, 1989.12.09, 인천 웹구 72길 16
1fd700f4-3445-4451-ac1b-d6d20770cc21, 박승진, 남, 30, 1994.04.28, 부산 자바구 48길 32
6c2bb53b-7083-443e-811d-1a08638d8e5d, 조영림, 남, 34, 1990.05.22, 부산 코드구 67길 43
4c42ea6b-27a4-4981-99be-241dd70a905e, 맹지미, 남, 31, 1993.12.06, 서울 코드구 45길 84
3219a759-5f72-4df5-8e58-e175a326bf8b, 최승진, 여, 50, 1974.09.30, 세종 지구 76길 17
14a8d99a-25d2-43a8-a9cd-50a6a4642cb1, 최유우, 남, 27, 1997.02.13, 세종 코드구 94길 1
bdd69952-802f-42e4-aa74-613a91f6782f, 유예림, 여, 47, 1977.07.16, 인천 새싹구 3길 95
59ecb68e-60fa-42c1-88c5-0f6dfd28b401, 맹상준, 여, 38, 1986.04.14, 세종 지구 16길 66
55573c66-e6bc-4032-b409-9bd182bd276e, 최유미, 여, 44, 1980.03.01, 서울 자바구 53길 43
4215d05b-5410-4923-8d49-cfe0549f48c4, 고예은, 남, 22, 2002.05.31, 부산 웹구 78길 2
64d4dcd3-37a7-4240-ac72-6076dd3b7c79, 조다현, 여, 24, 2000.01.13, 전주 지구 100길 57
941a2220-26ea-4a8e-a81a-c3df1e628667, 강예준, 여, 29, 1995.10.30, 인천 웹구 50길 48
94b5da3c-bf6a-4464-b429-05b7607ecc93, 최승미, 남, 29, 1995.07.02, 전주 코드구 40길 91
e87c1528-d52f-46ff-84ae-6d5ccc8c207f, 고재민, 남, 31, 1993.06.23, 세종 새싹구 60길 100
722f3e1f-7bdb-48ef-84e8-d15703e89492, 고재은, 남, 47, 1977.02.08, 인천 자바구 91길 41
8feb6cd8-8053-4513-b31d-cf5e9dfed90e, 조하민, 남, 31, 1993.01.10, 전주 코드구 51길 67
4a2799a1-2930-4227-aacb-833c59dd63df, 고예준, 남, 20, 2004.07.14, 전주 새싹구 56길 95
af8dce7c-b454-4407-99e4-c878972a45d8, 유영미, 여, 38, 1986.06.23, 부산 코드구 12길 14
2d6e397a-6238-481f-b0bb-16729c3e0bb5, 진다진, 여, 29, 1995.07.08, 인천 지구 64길 17
7d19df7e-5476-4bf5-abb6-91f5cfa0f545, 진정은, 여, 49, 1975.06.07, 전주 코드구 28길 65
fa9155cf-4f52-4909-afa8-7b4dcfb341e1, 고상준, 남, 24, 2000.03.13, 서울 자바구 15길 24
0cc7204e-4726-4741-937b-8c4c210e6efd, 맹하진, 여, 20, 2004.01.24, 세종 자바구 42길 48
f675c48a-0bff-4d82-8cee-846a2aa4514c, 진유은, 여, 30, 1994.03.05, 전주 새싹구 23길 81
e024e03f-c627-4fa3-977a-17a01107ae21, 정유연, 남, 34, 1990.04.19, 인천 새싹구 53길 77
adaf4374-e5d6-4756-9337-e639b5a289b7, 유지우, 여, 40, 1984.09.15, 세종 웹구 65길 77
f6172bb1-6701-44d0-83cb-5f2fa3f7f87c, 고하순, 여, 26, 1998.10.13, 부산 웹구 17길 39
351972cb-bfa2-45df-bb1a-5c28e32694e8, 이다연, 여, 22, 2002.09.09, 전주 자바구 8길 33
320bdab4-4784-482a-8848-60f9fc390d5b, 박재민, 여, 32, 1992.10.12, 인천 웹구 33길 86
e5185245-94dc-42a4-906b-ec5851dbb9ac, 진재진, 남, 41, 1983.12.08, 부산 새싹구 18길 31
7d7451cb-83ee-416b-9928-8b1e86d0ee25, 최승순, 남, 23, 2001.12.19, 전주 새싹구 7길 86
87ca33ae-43b8-41dd-bd83-3b8ae7d5fcc6, 맹재림, 남, 46, 1978.08.27, 전주 코드구 78길 90
414355a6-87af-4a84-8d6a-1e51faf6178e, 유다순, 여, 50, 1974.04.03, 전주 코드구 72길 99
dbf1bb4f-0403-4398-9637-7c8d58a7f5d9, 최유연, 여, 42, 1982.03.06, 전주 자바구 57길 39
33b1fbac-661c-4b34-afed-acd5f65fabba, 최재림, 남, 38, 1986.05.30, 인천 코드구 21길 62
af483eb8-063c-406f-8ec6-ddb5cfe57da7, 정유진, 남, 38, 1986.08.04, 전주 코드구 23길 22
391ad0ec-3892-418b-a5f9-7bcfed40c7fb, 박승림, 남, 25, 1999.08.03, 세종 웹구 6길 64
6c26fee6-afdf-408e-82a6-f1fc50350025, 강상미, 남, 50, 1974.03.17, 부산 웹구 87길 49
e0f075c9-d0f8-4fb0-b410-76def6399808, 고하림, 여, 40, 1984.10.07, 세종 코드구 8길 59
c9b3b612-f808-46b4-a038-263f157adadb, 박다순, 남, 23, 2001.07.25, 인천 코드구 57길 80
42065de2-37d5-4d6d-9dce-a5acc5d970e6, 정다순, 여, 34, 1990.04.21, 인천 코드구 99길 58
e1ea77e9-1bc6-410d-9a90-c0c726d6e0c7, 진다준, 여, 43, 1981.03.31, 서울 웹구 75길 92
6208df81-37be-4aa0-8361-92ecd1bf93c2, 최상준, 여, 25, 1999.05.11, 전주 코드구 87길 11
6db6695a-45e5-4128-b9de-fe7a14059875, 조재민, 여, 34, 1990.08.26, 서울 코드구 42길 92
7d5635fd-45d7-471c-ad80-bdb79034c140, 강영미, 여, 26, 1998.04.20, 전주 코드구 39길 58
2623469e-9fcf-4589-a48e-e5ff8ac87d3f, 강영준, 남, 22, 2002.07.02, 부산 웹구 65길 19
1ff95378-c2b1-4a09-ad74-b37fb3a6c7ef, 진유민, 남, 22, 2002.08.02, 부산 지구 62길 16
993d06a0-1d07-4fa7-9a5c-5c1261ab4458, 강하현, 남, 33, 1991.07.17, 서울 지구 93길 6
f4a3fa50-1ebb-475e-9c8b-fe136a188513, 진정현, 남, 38, 1986.08.21, 세종 웹구 71길 73
fcbcadff-dad2-4e5a-b022-7e93974e3f94, 강하준, 남, 32, 1992.07.04, 세종 자바구 29길 66
02788281-9446-4aa9-b255-1c927f8ca654, 유재순, 남, 33, 1991.12.04, 세종 자바구 30길 84
926c4fbd-b36e-476b-a944-1736731c863a, 맹다순, 여, 25, 1999.09.20, 세종 새싹구 21길 36
e1c69949-4c6d-4838-90e5-4fd86b2fb3f8, 맹정진, 여, 47, 1977.01.03, 인천 새싹구 94길 14
afd837f3-a112-469d-8508-c4c24282c913, 유유순, 남, 48, 1976.03.02, 세종 자바구 20길 36
08a67086-a021-49a4-afcc-9d87f152c972, 정재준, 남, 31, 1993.08.22, 서울 지구 67길 58
cd7e0560-596c-4811-a432-cbb5d7b158e2, 유하현, 여, 21, 2003.06.26, 부산 지구 80길 28
d12fc5db-9407-4131-a5ff-244d5f773081, 맹상우, 여, 25, 1999.01.14, 서울 코드구 50길 13
528b6111-a444-4cb1-89b2-456c3576f1d9, 조정순, 남, 45, 1979.10.25, 전주 코드구 49길 54
f50f8a85-2582-4fa5-9fa5-4a9c733e0da3, 박승준, 여, 23, 2001.07.18, 인천 지구 57길 15
291a45d7-5a85-400b-8011-79fa74eb5b56, 최재민, 여, 23, 2001.01.23, 인천 지구 15길 44
55ad1c91-f55d-4626-afcf-e52f88f48cbe, 조지연, 남, 24, 2000.09.03, 전주 자바구 88길 17
64574494-d0f1-4371-b0b3-4e46acf0bf9b, 고정진, 여, 47, 1977.01.22, 인천 코드구 5길 37
f349d7f5-3066-48ab-bda5-d0627d956977, 강유현, 남, 38, 1986.12.06, 전주 웹구 54길 3
54d16768-68d5-4af4-9120-7dea628cc839, 진지진, 남, 22, 2002.07.04, 인천 코드구 28길 20
3f41ccce-2bcf-42b5-ba82-89a9448616c6, 강예림, 남, 33, 1991.04.05, 전주 자바구 17길 74
cab9eba6-bbca-4cd3-a0e1-144f9d22f39c, 고유미, 여, 24, 2000.05.07, 전주 코드구 42길 58
05a10e6a-a8a2-45b7-9325-f390a3976b35, 유승현, 여, 38, 1986.09.17, 전주 웹구 14길 33
d543786c-2e65-47a6-96ca-d96aa808eed7, 최상림, 여, 39, 1985.06.06, 인천 웹구 85길 16
c6ec8ce9-c9cf-4977-893a-013386798db3, 조하준, 남, 24, 2000.05.09, 부산 웹구 21길 48
24acc606-565e-4268-ae7b-dcd6efb04afa, 박지순, 여, 42, 1982.04.26, 세종 코드구 84길 74
9c72389a-cfff-4d48-b22a-b0e9c48190f8, 조하순, 남, 33, 1991.11.12, 부산 코드구 1길 16
9d9ba612-5b4b-46b7-ba27-1719a0e73be6, 정유진, 남, 27, 1997.07.12, 서울 자바구 34길 80
c88054d3-fe57-4fb0-9127-c88811355c68, 정승순, 남, 45, 1979.09.03, 서울 코드구 62길 59
8186c620-0770-4160-97f4-8dbbe0f9a461, 유상순, 남, 28, 1996.07.21, 전주 자바구 67길 62
2b6a7806-91ec-4ddb-a0ae-4acf689133da, 이다림, 남, 32, 1992.06.19, 전주 지구 16길 95
8430406b-f5e8-4047-bf45-4e432b2e2551, 고정현, 여, 34, 1990.06.28, 전주 새싹구 24길 62
4652980b-bcbd-4aa3-a8ee-ada0622a598d, 강하림, 남, 46, 1978.04.03, 서울 코드구 75길 53
4883991b-1b17-47fa-b29b-8c5d1c73e526, 정유진, 남, 27, 1997.08.31, 서울 지구 58길 76
13507455-4230-425b-9f8e-653bdcdc24ee, 이다진, 남, 25, 1999.07.07, 부산 지구 74길 68
3c44574d-8af9-4b27-bf3e-0d3c7b162469, 이상연, 여, 42, 1982.01.31, 세종 웹구 19길 48
d1635db9-8c61-4b35-8d9d-433bdc21496d, 유영미, 여, 34, 1990.11.19, 서울 지구 8길 20
de3b940a-4a3a-4a55-bc8f-379cf761af2d, 유예준, 여, 42, 1982.08.12, 전주 코드구 55길 45
dadf289a-c3e7-437a-bd89-5da85b79b2b8, 고다은, 여, 33, 1991.02.25, 부산 새싹구 3길 39
81fd24b2-a620-4920-87fc-30623a836b58, 진상림, 여, 39, 1985.11.26, 세종 웹구 53길 64
24bef05a-fc97-42b2-ba9f-7e6949a65b3f, 이정민, 여, 30, 1994.03.03, 세종 코드구 16길 30
a36e133a-3534-4ba5-8193-4fb8f565c2b1, 박다우, 남, 27, 1997.11.19, 전주 웹구 53길 33
92c91b13-6fdd-480c-ae5f-b0e1aba0a4d8, 정정준, 남, 44, 1980.07.05, 인천 자바구 8길 84
3973fcde-8f82-469c-a329-29e4322e1c55, 고승준, 여, 23, 2001.09.24, 인천 코드구 18길 48
1d2f2b8a-3d4e-4fcd-acad-f7f78e041521, 고승림, 남, 35, 1989.06.09, 인천 코드구 63길 74
2f763706-63e3-4bb8-9bff-ace8d5ce70c8, 강다림, 여, 27, 1997.09.21, 세종 코드구 72길 61
14e01e54-91cd-4f6d-9912-766f86d540bc, 조하우, 남, 29, 1995.10.07, 세종 자바구 43길 30
3af8cd38-d79a-4748-bc61-643dce9e3d60, 맹지연, 여, 38, 1986.04.28, 인천 새싹구 88길 57
295e3e14-dffa-4584-a861-5449de8f436f, 맹다은, 여, 46, 1978.06.24, 서울 코드구 46길 43
7b3df0d5-6c9d-4b37-a7f0-b66a0a40c232, 박예현, 여, 48, 1976.03.23, 세종 새싹구 95길 8
6563e6bb-9489-4bed-a2b1-b6fd48efaacd, 맹예진, 여, 45, 1979.01.31, 전주 웹구 76길 88
3b0d7648-bf09-4a7b-8f7d-780b11bd626b, 최유우, 남, 26, 1998.02.26, 부산 코드구 89길 53
d14a0ee8-0be9-461c-a052-a6dd7be64fa0, 조재연, 남, 48, 1976.10.28, 전주 자바구 63길 10
8e052a40-d8e8-4a02-bbcd-337463c1bddb, 정유준, 남, 28, 1996.03.21, 세종 코드구 30길 24
4ea4c5f3-8994-4eca-9a48-e7320e4cf9fc, 최유림, 여, 36, 1988.06.01, 세종 웹구 63길 62
c390cb91-1225-4b1d-9bbb-e56e72db4be5, 고정은, 여, 32, 1992.12.12, 전주 새싹구 61길 88
3b4de8f4-a47b-4caa-9be6-d826c2e113b8, 맹지우, 남, 37, 1987.08.09, 전주 자바구 76길 23
f8b0ac8a-93b3-4394-a0b0-8a8271ca304f, 강정준, 여, 26, 1998.04.13, 전주 코드구 50길 86
9feff98d-edde-4652-9d50-19f7e707488e, 진하우, 여, 21, 2003.06.21, 서울 새싹구 88길 93
1b6f562b-4833-4372-8c35-f744cdcf03ab, 정하미, 여, 37, 1987.02.08, 세종 새싹구 84길 45
d8da0c96-139c-4251-8fba-5a0e497950a1, 고승미, 남, 27, 1997.11.25, 서울 지구 54길 97
8eb77b8a-2d87-4f27-a09d-eb70ec937cdf, 조다우, 여, 21, 2003.12.12, 전주 자바구 38길 67
7b318e3e-6625-445c-8323-7ada33d0b112, 박예진, 여, 30, 1994.07.11, 서울 새싹구 91길 54
632c4d79-3d53-498d-9efe-a8e050907499, 최상우, 여, 33, 1991.09.23, 인천 자바구 87길 95
b1b8d886-9ebd-4879-985d-b3d6bef1b5ea, 강재연, 여, 40, 1984.03.18, 세종 웹구 53길 34
69816bc1-e40a-4e21-bbdc-9bb6d45c0ed6, 강지림, 남, 20, 2004.06.08, 전주 새싹구 48길 75
4f64fe37-a2b9-48f4-9702-ae5b36b35108, 유유준, 남, 46, 1978.08.07, 세종 웹구 59길 87
a8124bb5-a654-4f21-bf48-ec710a811b9c, 최예준, 남, 35, 1989.10.30, 세종 자바구 55길 10
714a6290-2487-4f68-abd7-5ddfe88ceefd, 최상연, 남, 43, 1981.06.03, 부산 웹구 27길 7
b6282ec1-92df-43ec-ae2c-d7eca269575f, 맹승민, 남, 22, 2002.12.13, 세종 웹구 38길 87
e42fe39f-e1de-482c-8d0f-b4f779fe54d4, 강하림, 남, 48, 1976.03.20, 부산 지구 52길 23
b50879c4-cd22-44da-bdab-fc852ec1127a, 박예진, 남, 39, 1985.07.25, 서울 웹구 48길 44
9c7bf1a3-4a9f-40cc-ad4a-6030eb74ac22, 진유순, 여, 31, 1993.06.25, 부산 웹구 56길 47
f60a5287-5106-4625-ba14-60084483c6a4, 박예순, 여, 43, 1981.01.17, 부산 새싹구 35길 3
2353c8fe-d421-4a5a-b99a-5ce7d2f1fd4d, 강다은, 남, 24, 2000.10.30, 세종 웹구 55길 96
8f641bca-6226-4c95-b5f6-2ef11e882ec5, 이승진, 남, 25, 1999.02.21, 전주 지구 65길 98
9d9800b6-a9ce-40f7-9fbf-ce37fd23843f, 유하은, 남, 27, 1997.04.13, 서울 코드구 52길 79
9f1fd897-84a7-4d2d-bc6c-2c95314af9ab, 진영준, 남, 31, 1993.05.13, 부산 자바구 62길 43
e8ac08fc-0207-41db-9e2d-a43a6f75d001, 정영준, 남, 45, 1979.07.10, 인천 웹구 55길 74
d45f0eb5-1be9-4895-8c23-46739b8755cd, 고지현, 남, 32, 1992.06.13, 세종 코드구 55길 15
832740c3-5826-4bf3-a04f-9acdc4da9edb, 맹재미, 남, 42, 1982.09.27, 인천 코드구 58길 42
d6174d6d-da23-44ef-98d0-182179d7e336, 강하은, 여, 44, 1980.04.15, 인천 코드구 89길 7
8032548d-29a4-4251-9ad6-d548743b6294, 정다우, 남, 24, 2000.08.26, 인천 코드구 41길 80
361799f2-07f2-45bc-8280-cc57e763e165, 이유준, 남, 31, 1993.06.25, 부산 웹구 29길 24
fba5aee8-c323-486f-98c8-88dc53df4948, 조지미, 남, 36, 1988.10.05, 부산 지구 59길 34
ccb0df19-85ad-427c-af55-1c4ac2b4914b, 맹유연, 여, 29, 1995.10.25, 서울 자바구 69길 7
52be3038-3b2a-4735-9c02-8c578fce07eb, 유상우, 여, 34, 1990.02.26, 세종 새싹구 74길 15
0716c56e-663a-420a-9acd-7814aba3d0c4, 최예림, 남, 33, 1991.04.16, 세종 웹구 75길 11
b57774a4-8541-4b48-abf7-2ebebdf5964e, 조하미, 여, 42, 1982.09.30, 전주 자바구 89길 43
6944de21-ea45-42e8-8768-7edb493a6c3d, 조유순, 여, 24, 2000.04.09, 세종 새싹구 98길 16
2581b467-881c-4f05-97ac-d6f970e251ff, 고다순, 남, 21, 2003.11.28, 전주 지구 65길 89
5f55425f-ee47-4921-84ce-349ffd4ed576, 박정현, 남, 31, 1993.10.26, 부산 새싹구 5길 79
d8c894f7-fc3c-4637-9312-a5592a0efd4b, 유지진, 남, 47, 1977.04.03, 전주 웹구 88길 53
d9bd2303-9d95-4558-b9d9-9131a1dfabec, 최승순, 여, 50, 1974.02.05, 세종 새싹구 25길 6
7794b728-188f-4c72-8808-23420e945878, 고정진, 여, 46, 1978.06.25, 전주 자바구 79길 43
e83b64ed-e7b6-4ccd-86be-b57918633b78, 박다준, 남, 30, 1994.04.26, 인천 코드구 19길 70
e7f13eaa-fa34-49f1-b456-f52a9b0fe6d3, 맹하준, 남, 42, 1982.07.23, 서울 웹구 27길 29
4e9b63b6-2474-4a4c-a004-28342e22eb36, 이예우, 여, 39, 1985.11.19, 세종 코드구 98길 16
c0dcc10e-45af-4784-ac0a-2b55260630da, 강예우, 남, 49, 1975.06.29, 세종 자바구 100길 66
3eaf14ed-65cb-452c-926e-77d7b1d9fcbf, 진유진, 남, 27, 1997.01.22, 전주 자바구 36길 60
8f024f90-bbf6-47d6-965e-52d1f3b43048, 맹상현, 여, 44, 1980.09.22, 부산 웹구 91길 7
9e77cec6-98b9-4c5c-8f9a-7b52a96061cc, 강지우, 남, 46, 1978.09.14, 세종 새싹구 1길 98
9dd42bed-bb28-4d7c-a955-77dd06a45c35, 정정미, 남, 21, 2003.12.04, 전주 웹구 82길 10
9d00b653-51c4-4a68-9da9-bc23a57278c5, 맹승준, 남, 49, 1975.09.27, 세종 코드구 69길 28
8a4735a7-6697-42e0-8a0e-d6338efa684f, 맹영진, 남, 32, 1992.08.19, 서울 지구 11길 23
c6f85c22-eca2-42c3-bf3d-d470500c08b7, 강하연, 남, 38, 1986.07.21, 전주 새싹구 6길 40
6402fc9c-a831-4b18-b4a2-e119c13b6243, 최영우, 남, 22, 2002.10.13, 세종 새싹구 66길 77
fba35fc5-377a-479d-ade3-7567430fa3bf, 정하우, 남, 32, 1992.11.09, 부산 새싹구 4길 97
0a1e898b-3f27-41a0-91e5-e07ba7766531, 고승연, 남, 21, 2003.07.04, 부산 자바구 1길 99
ed0f1f74-b88d-4a5d-920d-bd5dde955dc3, 조재우, 여, 28, 1996.09.25, 전주 새싹구 17길 42
f31ff876-96b5-48ec-b5cc-08b306e547eb, 진예미, 여, 30, 1994.01.13, 인천 자바구 80길 4
11f84e42-aff2-4529-831f-116d094d1e50, 조승림, 남, 29, 1995.04.07, 부산 지구 65길 10
c0a0caa4-e2da-4db2-b077-134c83921140, 고영순, 여, 27, 1997.09.06, 서울 새싹구 21길 35
0cd26a08-67cd-4246-ba8f-075bd07d931c, 박승미, 여, 45, 1979.08.15, 전주 지구 42길 84
7dcaccd7-2a4e-4917-b926-b2ff496cbf17, 진다현, 남, 43, 1981.05.31, 전주 자바구 19길 73
bd3917fd-7aaa-44bb-a6e8-63e707881d2b, 유다준, 남, 28, 1996.05.19, 인천 새싹구 52길 20
c4e047f4-a639-443c-ada7-404956779c24, 유하은, 남, 42, 1982.12.15, 서울 새싹구 37길 99
e08badfd-f610-4ef8-b8e6-8f7a49dc5f0d, 강다순, 남, 47, 1977.12.18, 서울 지구 100길 28
9d3641bb-f239-4cbe-9171-83e710a52707, 진승순, 남, 24, 2000.02.10, 세종 자바구 22길 94
03e6e780-3ff1-488f-b1bc-ff2ab03f7af3, 강영민, 여, 20, 2004.09.07, 전주 웹구 89길 52
6d30afa0-1f81-486e-a951-ea0555fd6832, 조하연, 여, 21, 2003.11.27, 서울 코드구 59길 82
6148b170-ebd3-4641-b549-1392599aa8e1, 유상진, 남, 44, 1980.04.02, 전주 자바구 88길 9
e48f19b6-991d-436f-a7e0-d42a487412d5, 강재현, 남, 46, 1978.10.30, 서울 새싹구 32길 75
6e6fb915-7032-4428-9330-cf36157972f4, 유승은, 남, 25, 1999.07.15, 인천 웹구 43길 44
1175665e-9612-4fbd-8f12-b19df757ae18, 최예미, 여, 32, 1992.07.01, 서울 지구 40길 43
d8f56abb-c05a-4725-aaf5-efe936d78e96, 이승미, 남, 47, 1977.11.01, 세종 자바구 37길 66
88dc7c75-c103-4be1-8695-ae56f3ab4f5c, 조유림, 남, 47, 1977.11.27, 세종 자바구 16길 83
7ec4f0b7-880b-40f1-bc27-e04857664a20, 이지우, 여, 46, 1978.11.28, 전주 자바구 81길 57
ff806714-310b-475f-b078-f0ec470b9ae2, 이하연, 여, 21, 2003.01.25, 인천 새싹구 91길 46
1bc26824-74d5-4a74-926a-762e8b04c661, 강재준, 남, 46, 1978.02.18, 서울 웹구 22길 49
4ab47ab2-cd88-4278-8db5-f1c9f640ad19, 박다준, 여, 44, 1980.08.25, 전주 새싹구 7길 96
aab143af-0301-4abf-a223-d5b9d7135db0, 정다진, 남, 26, 1998.05.10, 인천 코드구 72길 51
1fd045e8-5566-40cf-9939-fa70b230d8ee, 진정림, 남, 47, 1977.06.23, 전주 새싹구 23길 16
cc1ec8f9-6f93-4586-a199-495f3bddc9ea, 유지은, 여, 35, 1989.03.07, 부산 새싹구 27길 99
1f2f81e0-cb8c-4b8b-a0dd-a97906f6cd2d, 진하우, 여, 31, 1993.09.09, 전주 새싹구 100길 42
cf70ef18-87f4-4143-a3ba-f1d129b8d8b5, 최영진, 남, 45, 1979.07.24, 전주 지구 41길 35
35c06bc8-dbbe-4d18-9069-f722d62ef970, 조하연, 여, 31, 1993.09.18, 전주 자바구 93길 68
b2c85bd0-2a67-4e98-860b-238bb4ff4b79, 최영민, 남, 40, 1984.08.28, 세종 자바구 70길 58
5cb148e8-70f9-4537-a883-05355a4160c4, 이지은, 남, 30, 1994.04.02, 전주 새싹구 11길 99
2cc53701-d70f-4750-8ddf-93fdce00f7b3, 조재미, 여, 25, 1999.06.20, 서울 자바구 14길 46
bde70b61-869c-4a40-9f59-91904bc1e7e5, 고유준, 남, 27, 1997.05.20, 전주 코드구 20길 71
6da11be8-0645-49b3-97bb-d8d5b421dc54, 박지연, 여, 22, 2002.02.27, 전주 코드구 65길 23
1d6ebddf-c3a7-452f-85c5-aab03b7d33fd, 정예연, 여, 29, 1995.07.26, 서울 자바구 47길 53
96e24f03-d47f-453e-b889-fb8ccb41e2b1, 유정순, 남, 43, 1981.06.12, 부산 코드구 85길 95
5b6abec5-5c1d-4d78-9b5e-a271a64b9a19, 정유현, 남, 29, 1995.06.24, 세종 지구 83길 14
e2c1e5b4-c53d-4351-9e8d-7c5148090964, 조정은, 여, 45, 1979.11.17, 전주 지구 58길 93
cd31e860-50e9-4d15-8fa5-c3d5b75557fb, 맹재은, 여, 32, 1992.06.12, 전주 지구 9길 10
c5ec748e-5ce9-424f-8e6a-18cd5ffa504d, 고하순, 남, 44, 1980.07.31, 전주 코드구 10길 95
809e4a4a-4203-46d3-9184-68a945ef08d1, 정영순, 여, 49, 1975.03.20, 전주 새싹구 23길 66
6fd38ce4-f716-43f0-9f9f-cb08e58a3b5d, 유지미, 남, 30, 1994.05.10, 인천 새싹구 30길 58
8465a882-2ad2-446b-b051-6eda8d5b667a, 조정우, 남, 32, 1992.03.01, 서울 지구 41길 81
5080f232-f3bc-4ae3-be0f-3d5b96a7c599, 정재은, 여, 50, 1974.01.19, 서울 지구 26길 60
2741df25-3954-405a-af1c-a3a123448acc, 진다진, 남, 34, 1990.08.26, 부산 자바구 64길 35
07d2e818-4a51-4705-a943-81f3aeabf996, 고예림, 남, 48, 1976.02.03, 전주 자바구 83길 57
ceef1084-3a53-4444-b637-75e13b01a21f, 최영미, 남, 44, 1980.02.26, 서울 새싹구 48길 22
0dc12ac1-cf42-4120-ab37-2086607a9ac8, 맹예림, 남, 21, 2003.06.07, 인천 자바구 20길 39
94296221-1d0c-48f5-865a-0cb8eee5bd04, 맹상우, 여, 34, 1990.11.25, 세종 지구 90길 38
041af0e4-5ac8-497e-88be-e652283fcd54, 조예현, 여, 28, 1996.07.02, 전주 웹구 50길 4
b4b2eb6b-ca25-4544-b8c9-6b11a351adba, 맹영민, 여, 50, 1974.07.24, 인천 새싹구 37길 33
c13ad825-842a-46b2-86a2-3b0ee89824fd, 진유현, 여, 23, 2001.07.29, 세종 코드구 29길 35
1adb906a-9700-44a3-9a3c-0868eb5c56f8, 박유미, 여, 22, 2002.12.17, 부산 코드구 91길 68
3ab8086b-cf36-4068-bcf7-e118c248f0ac, 정상우, 남, 42, 1982.02.02, 서울 코드구 6길 93
c60d68e7-ba49-4c62-b5c0-cd7a10166114, 진승진, 남, 24, 2000.10.31, 인천 코드구 14길 67
bd1aa342-df5b-43b4-9805-3f46761cca1e, 이다민, 여, 49, 1975.01.16, 전주 지구 6길 12
6a9fb563-36a7-464a-98a4-bd1ef6fdf4ed, 맹영순, 남, 25, 1999.05.27, 인천 지구 34길 11
68224796-7bf0-472a-ae21-6dda513fe9e9, 진상진, 여, 39, 1985.02.02, 부산 지구 23길 69
98bfc092-eccf-4a4d-a9c3-f7aec3299d03, 맹상미, 남, 27, 1997.04.16, 부산 코드구 36길 95
1980e18a-d35b-4e23-af1b-a923d85e6959, 박다미, 남, 48, 1976.03.13, 세종 지구 25길 79
0262c0a1-3353-4eec-81bf-2a17fd2771dd, 맹재현, 여, 32, 1992.10.12, 부산 새싹구 89길 86
b63b7dc9-8eda-47de-b31a-458af698a5f0, 최영림, 남, 50, 1974.09.13, 전주 웹구 29길 29
84673540-b9b4-40bb-982c-d82d03e8753e, 강재연, 남, 48, 1976.06.12, 세종 새싹구 94길 14
01e46a7f-7115-4830-ac09-7f5c5e353d4d, 고다우, 남, 35, 1989.09.14, 부산 새싹구 45길 23
97436f9a-cd69-4a3e-a189-6c66d1264a07, 정지준, 남, 47, 1977.01.22, 인천 자바구 45길 75
f7d4bf2f-3228-4006-9dcc-cd10895a44f1, 박상순, 여, 24, 2000.10.06, 서울 웹구 100길 85
4026729f-9225-46e4-9a33-5018572e9cfe, 최상순, 여, 50, 1974.02.13, 인천 자바구 31길 99
cae0e017-bbc9-4c58-a126-78da18808723, 진지준, 여, 23, 2001.03.11, 부산 코드구 48길 36
178e444b-2d7b-4f57-84e9-f812c00296ce, 유상현, 남, 23, 2001.03.10, 인천 자바구 44길 95
4d1a4d57-5aab-4fdc-bad7-c66c51a76adf, 정지준, 여, 25, 1999.08.24, 전주 웹구 67길 73
4f95496e-d383-4bba-aae5-acc01a511406, 고예진, 여, 21, 2003.02.01, 세종 웹구 76길 65
22c0af9f-1c3a-47fc-9ddf-c04ad15a1569, 강예현, 남, 49, 1975.09.04, 전주 자바구 94길 34
87fd63a6-f7fe-49dd-97b1-3b9c590e16c2, 진정은, 여, 39, 1985.01.21, 인천 웹구 8길 27
b9845c6a-086e-4a08-b98c-06ccfd3d75f2, 맹정현, 남, 36, 1988.09.07, 전주 자바구 83길 41
2b75bdc2-fd72-4bcf-be93-7cc85bd96fe2, 유하준, 여, 48, 1976.08.18, 부산 코드구 32길 99
4abd8abd-b5c5-46ea-9759-9d0a7f74545a, 강예림, 여, 32, 1992.02.14, 부산 자바구 83길 60
1218b74a-85e9-402f-8a13-fc1d9d3842a4, 진하민, 여, 27, 1997.05.11, 인천 자바구 9길 77
0e733987-09c1-48f4-ab3d-d9864447cb03, 정유순, 여, 33, 1991.03.11, 전주 새싹구 46길 82